"day","cases","Pr","Pr_lower","Pr_upper","Pr_IQR_lower","Pr_IQR_upper","Pr_outbreak2021","Pr_outbreak2021_lower","Pr_outbreak2021_upper","Pr_outbreak2021_IQR_lower","Pr_outbreak2021_IQR_upper","R0_par","k_par"
0,0,1,1,1,1,1,1,1,1,1,1,0.7,0.11
1,0,1,1,1,1,1,1,1,1,1,1,0.7,0.11
2,0,1,1,1,1,1,1,1,1,1,1,0.7,0.11
3,0,1,1,1,1,1,1,1,1,1,1,0.7,0.11
4,0,1,1,1,1,1,1,1,1,1,1,0.7,0.11
5,0,1,1,1,1,1,1,1,1,1,1,0.7,0.11
6,0,1,1,1,1,1,1,1,1,1,1,0.7,0.11
7,0,1,1,1,1,1,1,1,1,1,1,0.7,0.11
8,0,1,1,1,1,1,1,1,1,1,1,0.7,0.11
9,0,1,1,1,1,1,1,1,1,1,1,0.7,0.11
10,1,1,1,1,1,1,1,1,1,1,1,0.7,0.11
11,0,1,1,1,1,1,1,1,1,1,1,0.7,0.11
12,0,1,1,1,1,1,1,1,1,1,1,0.7,0.11
13,0,1,1,1,1,1,1,1,1,1,1,0.7,0.11
14,0,1,1,1,1,1,1,1,1,1,1,0.7,0.11
15,0,1,1,1,1,1,1,1,1,1,1,0.7,0.11
16,0,1,1,1,1,1,1,1,1,1,1,0.7,0.11
17,0,1,1,1,1,1,1,1,1,1,1,0.7,0.11
18,0,1,1,1,1,1,1,1,1,1,1,0.7,0.11
19,2,1,1,1,1,1,1,1,1,1,1,0.7,0.11
20,0,1,1,1,1,1,1,1,1,1,1,0.7,0.11
21,0,1,1,1,1,1,1,1,1,1,1,0.7,0.11
22,0,1,1,1,1,1,1,1,1,1,1,0.7,0.11
23,1,1,1,1,1,1,1,1,1,1,1,0.7,0.11
24,1,1,1,1,1,1,1,1,1,1,1,0.7,0.11
25,1,1,1,1,1,1,1,1,1,1,1,0.7,0.11
26,4,1,1,1,1,1,1,1,1,1,1,0.7,0.11
27,1,1,1,1,1,1,1,1,1,1,1,0.7,0.11
28,0,1,1,1,1,1,1,1,1,1,1,0.7,0.11
29,2,1,1,1,1,1,1,1,1,1,1,0.7,0.11
30,1,1,1,1,1,1,1,1,1,1,1,0.7,0.11
31,2,1,1,1,1,1,1,1,1,1,1,0.7,0.11
32,0,1,1,1,1,1,1,1,1,1,1,0.7,0.11
33,0,1,1,1,1,1,1,1,1,1,1,0.7,0.11
34,0,1,1,1,1,1,1,1,1,1,1,0.7,0.11
35,0,1,1,1,1,1,1,1,1,1,1,0.7,0.11
36,0,1,1,1,1,1,1,1,1,1,1,0.7,0.11
37,4,1,1,1,1,1,1,1,1,1,1,0.7,0.11
38,0,1,1,1,1,1,1,1,1,1,1,0.7,0.11
39,0,1,1,1,1,1,1,1,1,1,1,0.7,0.11
40,0,1,1,1,1,1,1,1,1,1,1,0.7,0.11
41,0,1,1,1,1,1,1,1,1,1,1,0.7,0.11
42,0,1,1,1,1,1,1,1,1,1,1,0.7,0.11
43,1,1,1,1,1,1,1,1,1,1,1,0.7,0.11
44,0,1,1,1,1,1,1,1,1,1,1,0.7,0.11
45,0,1,1,1,1,1,1,1,1,1,1,0.7,0.11
46,0,1,1,1,1,1,1,1,1,1,1,0.7,0.11
47,1,0.714381,0.6044739,0.809454,0.67730875,0.749769,0.309026,0.2489159,0.3865712,0.287912,0.331194,0.7,0.11
48,0,0.6865435,0.5693485,0.791340775,0.646614,0.72523225,0.27697,0.2185173,0.3532754,0.255885,0.299223,0.7,0.11
49,0,0.6576695,0.53377185,0.77248605,0.6148715,0.69956125,0.244974,0.1911017,0.3197614,0.224417,0.2671,0.7,0.11
50,0,0.6277365,0.49768355,0.75274445,0.582196,0.67280275,0.213478,0.1635958,0.2867353,0.194256,0.235053,0.7,0.11
51,0,0.59688,0.461592225,0.731960625,0.5488205,0.6451285,0.183081,0.1332476,0.2542472,0.165131,0.203581,0.7,0.11
52,0,0.5655325,0.425501275,0.7102457,0.5148625,0.61677775,0.15364,0.09970019,0.2223725,0.135631,0.173191,0.7,0.11
53,0,0.5334665,0.389793275,0.68804765,0.48109,0.5877695,0.124333,0.06566128,0.1917729,0.105235,0.143885,0.7,0.11
54,0,0.5014975,0.354823225,0.66551365,0.44717775,0.55871075,0.0952854,0.03614529,0.1625217,0.0751813,0.115518,0.7,0.11
55,0,0.4697095,0.321159275,0.642821325,0.41393975,0.529344,0.0679455,0.01616614,0.1352712,0.0482542,0.088611,0.7,0.11
56,0,0.438467,0.289287025,0.620374525,0.38138125,0.500208,0.0444019,0.00587948,0.1103574,0.0271825,0.0640663,0.7,0.11
57,0,0.4080045,0.258795475,0.59763225,0.35013275,0.47135225,0.0262936,0.001913434,0.08812941,0.0134047,0.043595,0.7,0.11
58,0,0.3782925,0.23027355,0.57460145,0.3200315,0.44324775,0.0141804,0.0005683082,0.06852053,0.00588087,0.0277285,0.7,0.11
59,0,0.349818,0.20375075,0.55177015,0.2913985,0.41623,0.0070648,8.662522e-05,0.05242709,0.0024062,0.0165723,0.7,0.11
60,0,0.322818,0.1793695,0.529739675,0.2643195,0.38988875,0.0033259,-0.0001342276,0.03945191,0.00100872,0.00946484,0.7,0.11
61,0,0.2971465,0.156853175,0.508339425,0.2389075,0.3647195,0.00160521,-0.00027036,0.02914307,0.000425497,0.00526558,0.7,0.11
62,0,0.272804,0.136860625,0.487262175,0.21533575,0.340483,0.000851639,-0.0003663939,0.02141341,0.0001675,0.00293626,0.7,0.11
63,0,0.249991,0.1186149,0.4668001,0.1935515,0.3175695,0.00048004,-0.0004379835,0.01568826,3.85978e-05,0.00177459,0.7,0.11
64,0,0.2288385,0.102217425,0.44727645,0.17316575,0.29596125,0.000297899,-0.0004862529,0.01163437,-3.55432e-05,0.00119372,0.7,0.11
65,0,0.2092005,0.0876484275,0.4281035,0.154742,0.27557225,0.000202311,-0.0005219311,0.008768676,-8.04361e-05,0.000876644,0.7,0.11
66,0,0.1907845,0.0747959075,0.409879825,0.13796125,0.25662225,0.000148066,-0.0005472388,0.006873341,-0.000110301,0.000693987,0.7,0.11
67,0,0.1738755,0.0633630075,0.39246325,0.12263475,0.23865925,0.000117834,-0.000568524,0.00557406799999999,-0.000130104,0.00058168,0.7,0.11
68,0,0.158204,0.0535285075,0.3758019,0.108771,0.22196625,9.78004e-05,-0.0005873007,0.004664242,-0.000142849,0.000516365,0.7,0.11
69,0,0.143961,0.04490808,0.359734275,0.096260175,0.2064465,8.44294e-05,-0.000599273,0.004017271,-0.000151222,0.000472413,0.7,0.11
70,0,0.1308195,0.0374049375,0.344227775,0.085071675,0.19186325,7.56563e-05,-0.0006142214,0.00364373299999999,-0.000157435,0.000444286,0.7,0.11
71,0,0.118937,0.031078205,0.329120325,0.074986475,0.1782965,6.92133e-05,-0.0006309726,0.00334632,-0.000161775,0.000425404,0.7,0.11
72,0,0.108024,0.025611335,0.314815525,0.06606,0.16576,6.48832e-05,-0.0006445272,0.003173609,-0.000164878,0.000410216,0.7,0.11
73,0,0.0981447,0.0210546,0.300797975,0.058077775,0.154292,6.20839e-05,-0.0006605141,0.003010187,-0.000167169,0.000400456,0.7,0.11
74,0,0.08917185,0.017210985,0.287837675,0.05100245,0.14357875,5.94548e-05,-0.0006770324,0.002905273,-0.000168968,0.000394543,0.7,0.11
75,0,0.0809277,0.01394566,0.27554625,0.0447581,0.1337025,5.75631e-05,-0.0006856425,0.002846046,-0.000170662,0.000389423,0.7,0.11
76,0,0.073574,0.0112308225,0.26380865,0.03923265,0.12446475,5.66063e-05,-0.0006950809,0.002798086,-0.000171683,0.000385073,0.7,0.11
77,0,0.06689725,0.008991315,0.252541725,0.034427625,0.1159295,5.55698e-05,-0.0007046564,0.002753052,-0.000172481,0.000381296,0.7,0.11
78,0,0.06083445,0.00708853225,0.241889825,0.03011165,0.10807375,5.48766e-05,-0.0007136138,0.002707847,-0.000173417,0.000378176,0.7,0.11
79,0,0.05544215,0.00548584225,0.231312525,0.0262907,0.10077325,5.41775e-05,-0.0007212121,0.002686229,-0.000173823,0.000375431,0.7,0.11
80,0,0.0505335,0.0041659975,0.22130415,0.0229849,0.094006275,5.36584e-05,-0.0007285876,0.002670446,-0.000174262,0.000373825,0.7,0.11
81,0,0.0460199,0.0031629685,0.21163475,0.020157425,0.087765625,5.33204e-05,-0.0007361405,0.002651436,-0.000174713,0.000372373,0.7,0.11
82,0,0.04201945,0.0022878035,0.202958025,0.01762365,0.08192565,5.27517e-05,-0.0007411748,0.002638241,-0.000175036,0.000371591,0.7,0.11
83,0,0.0383943,0.001540866,0.194525875,0.0154471,0.076564525,5.22553e-05,-0.0007477334,0.00262787,-0.000175392,0.000370706,0.7,0.11
84,0,0.03514435,0.000945505925,0.186221675,0.0135632,0.07156445,5.2018e-05,-0.0007530801,0.002624362,-0.000175741,0.000370332,0.7,0.11
85,0,0.03209475,0.00044557755,0.17848835,0.011906325,0.06694745,5.18798e-05,-0.0007556422,0.00261086799999999,-0.00017606,0.00036949,0.7,0.11
86,0,0.0293288,3.41464175e-05,0.1709125,0.010486975,0.0626585,5.16098e-05,-0.0007611088,0.002598744,-0.000176222,0.000368613,0.7,0.11
87,0,0.02684095,-0.00033803275,0.163904675,0.0092794275,0.05874055,5.14541e-05,-0.000761767,0.00258431299999999,-0.000176428,0.000368137,0.7,0.11
88,0,0.0245901,-0.000664052025,0.1571553,0.008225065,0.05504435,5.11381e-05,-0.0007643229,0.002582047,-0.000176517,0.000367885,0.7,0.11
89,0,0.0225857,-0.000992605175,0.1509616,0.007296045,0.051584925,5.08872e-05,-0.0007671063,0.002573922,-0.000176662,0.000367006,0.7,0.11
90,0,0.0207407,-0.0013215405,0.144773975,0.0065066325,0.04839965,5.07266e-05,-0.0007704422,0.002568603,-0.000176778,0.00036678,0.7,0.11
0,0,1,1,1,1,1,1,1,1,1,1,0.7,0.27
1,0,1,1,1,1,1,1,1,1,1,1,0.7,0.27
2,0,1,1,1,1,1,1,1,1,1,1,0.7,0.27
3,0,1,1,1,1,1,1,1,1,1,1,0.7,0.27
4,0,1,1,1,1,1,1,1,1,1,1,0.7,0.27
5,0,1,1,1,1,1,1,1,1,1,1,0.7,0.27
6,0,1,1,1,1,1,1,1,1,1,1,0.7,0.27
7,0,1,1,1,1,1,1,1,1,1,1,0.7,0.27
8,0,1,1,1,1,1,1,1,1,1,1,0.7,0.27
9,0,1,1,1,1,1,1,1,1,1,1,0.7,0.27
10,1,1,1,1,1,1,1,1,1,1,1,0.7,0.27
11,0,1,1,1,1,1,1,1,1,1,1,0.7,0.27
12,0,1,1,1,1,1,1,1,1,1,1,0.7,0.27
13,0,1,1,1,1,1,1,1,1,1,1,0.7,0.27
14,0,1,1,1,1,1,1,1,1,1,1,0.7,0.27
15,0,1,1,1,1,1,1,1,1,1,1,0.7,0.27
16,0,1,1,1,1,1,1,1,1,1,1,0.7,0.27
17,0,1,1,1,1,1,1,1,1,1,1,0.7,0.27
18,0,1,1,1,1,1,1,1,1,1,1,0.7,0.27
19,2,1,1,1,1,1,1,1,1,1,1,0.7,0.27
20,0,1,1,1,1,1,1,1,1,1,1,0.7,0.27
21,0,1,1,1,1,1,1,1,1,1,1,0.7,0.27
22,0,1,1,1,1,1,1,1,1,1,1,0.7,0.27
23,1,1,1,1,1,1,1,1,1,1,1,0.7,0.27
24,1,1,1,1,1,1,1,1,1,1,1,0.7,0.27
25,1,1,1,1,1,1,1,1,1,1,1,0.7,0.27
26,4,1,1,1,1,1,1,1,1,1,1,0.7,0.27
27,1,1,1,1,1,1,1,1,1,1,1,0.7,0.27
28,0,1,1,1,1,1,1,1,1,1,1,0.7,0.27
29,2,1,1,1,1,1,1,1,1,1,1,0.7,0.27
30,1,1,1,1,1,1,1,1,1,1,1,0.7,0.27
31,2,1,1,1,1,1,1,1,1,1,1,0.7,0.27
32,0,1,1,1,1,1,1,1,1,1,1,0.7,0.27
33,0,1,1,1,1,1,1,1,1,1,1,0.7,0.27
34,0,1,1,1,1,1,1,1,1,1,1,0.7,0.27
35,0,1,1,1,1,1,1,1,1,1,1,0.7,0.27
36,0,1,1,1,1,1,1,1,1,1,1,0.7,0.27
37,4,1,1,1,1,1,1,1,1,1,1,0.7,0.27
38,0,1,1,1,1,1,1,1,1,1,1,0.7,0.27
39,0,1,1,1,1,1,1,1,1,1,1,0.7,0.27
40,0,1,1,1,1,1,1,1,1,1,1,0.7,0.27
41,0,1,1,1,1,1,1,1,1,1,1,0.7,0.27
42,0,1,1,1,1,1,1,1,1,1,1,0.7,0.27
43,1,1,1,1,1,1,1,1,1,1,1,0.7,0.27
44,0,1,1,1,1,1,1,1,1,1,1,0.7,0.27
45,0,1,1,1,1,1,1,1,1,1,1,0.7,0.27
46,0,1,1,1,1,1,1,1,1,1,1,0.7,0.27
47,1,0.804536,0.702638425,0.8878311,0.770739,0.836226,0.415868,0.3434031,0.4994235,0.390461,0.441644,0.7,0.27
48,0,0.7768165,0.66601825,0.87125145,0.739513,0.81239325,0.374512,0.3056766,0.4587033,0.349193,0.400669,0.7,0.27
49,0,0.7471095,0.62764605,0.853202775,0.706295,0.78649525,0.332807,0.2681817,0.4170883,0.308382,0.358787,0.7,0.27
50,0,0.71529,0.58771685,0.8338091,0.67109675,0.75868775,0.291003,0.2258081,0.3743887,0.267618,0.316286,0.7,0.27
51,0,0.6817395,0.546132175,0.812536325,0.63418775,0.72910025,0.248816,0.1773026,0.3313424,0.224938,0.273653,0.7,0.27
52,0,0.646584,0.503506725,0.789735875,0.59570375,0.69788075,0.205407,0.1258529,0.2883328,0.17947,0.230912,0.7,0.27
53,0,0.6101035,0.4608888,0.76602555,0.55626875,0.66519675,0.160989,0.07715158,0.2459758,0.133207,0.188018,0.7,0.27
54,0,0.572915,0.418474,0.74091155,0.51631975,0.6316785,0.117982,0.03963233,0.2053624,0.0900533,0.146048,0.7,0.27
55,0,0.535374,0.3771855,0.7151757,0.476656,0.59750775,0.0798428,0.01682522,0.1669706,0.0544382,0.107533,0.7,0.27
56,0,0.4979915,0.337430075,0.6889276,0.43751075,0.56327125,0.0495805,0.005959331,0.1323752,0.0291535,0.0743203,0.7,0.27
57,0,0.4614765,0.299768225,0.662674575,0.39955475,0.52926825,0.0281074,0.001922619,0.1026951,0.013872,0.0483731,0.7,0.27
58,0,0.4259395,0.264428225,0.63632655,0.3631265,0.495733,0.0146986,0.0005689397,0.07761365,0.00597038,0.0296988,0.7,0.27
59,0,0.391744,0.2319505,0.6099331,0.32849875,0.46293675,0.00719329,8.683726e-05,0.0577002,0.0024203,0.0172816,0.7,0.27
60,0,0.3591155,0.202519075,0.5837406,0.29607975,0.431516,0.00335363,-0.0001340997,0.04245153,0.00101108,0.00969333,0.7,0.27
61,0,0.328422,0.175586775,0.558075075,0.2657205,0.40165275,0.00161092,-0.0002702062,0.03083595,0.000426126,0.00532865,0.7,0.27
62,0,0.2997285,0.151147375,0.533378575,0.2377775,0.373058,0.000852731,-0.0003662978,0.02229075,0.000167625,0.00295327,0.7,0.27
63,0,0.272961,0.1298557,0.509334375,0.211941,0.34611825,0.000480252,-0.0004379546,0.0160777,3.87486e-05,0.00177947,0.7,0.27
64,0,0.2480425,0.1109678,0.486296075,0.1886675,0.32080025,0.000297998,-0.0004862178,0.01187238,-3.55392e-05,0.00119635,0.7,0.27
65,0,0.2251205,0.09422505,0.463942025,0.1672005,0.29693,0.000202322,-0.000521887,0.00889862299999998,-8.04224e-05,0.000877311,0.7,0.27
66,0,0.2043775,0.0798006525,0.4424673,0.14782075,0.274893,0.000148104,-0.0005471939,0.00690485299999999,-0.00011026,0.000694426,0.7,0.27
67,0,0.1850885,0.06714868,0.422118725,0.130697,0.2545265,0.000117911,-0.0005684742,0.005616162,-0.000130099,0.000582007,0.7,0.27
68,0,0.1676005,0.0563163375,0.402956175,0.1151785,0.23556825,9.78062e-05,-0.0005872487,0.004688659,-0.000142833,0.000516648,0.7,0.27
69,0,0.151636,0.0469246975,0.384568475,0.1013885,0.21804925,8.4477e-05,-0.000599219,0.004029416,-0.000151218,0.000472458,0.7,0.27
70,0,0.1371685,0.0389455625,0.367026875,0.089033,0.2019135,7.56657e-05,-0.0006139763,0.00365047,-0.000157432,0.000444439,0.7,0.27
71,0,0.12414,0.032092485,0.350237925,0.0781439,0.18689725,6.9214e-05,-0.0006309126,0.00335095,-0.000161695,0.000425431,0.7,0.27
72,0,0.1122885,0.02635385,0.333978575,0.068601375,0.1730155,6.48839e-05,-0.0006444651,0.003176522,-0.000164874,0.000410246,0.7,0.27
73,0,0.101608,0.021510745,0.3183176,0.05999805,0.1604695,6.20845e-05,-0.0006603645,0.003011547,-0.000167165,0.00040048,0.7,0.27
74,0,0.09193885,0.017550495,0.3036944,0.052481275,0.148907,5.94553e-05,-0.0006769634,0.002910914,-0.000168964,0.000394637,0.7,0.27
75,0,0.08332325,0.0141866675,0.289756,0.0458843,0.138283,5.75636e-05,-0.0006853852,0.002847257,-0.000170658,0.000389445,0.7,0.27
76,0,0.0754513,0.0114101525,0.276661575,0.040124025,0.128324,5.66067e-05,-0.0006948568,0.002799256,-0.000171678,0.000385095,0.7,0.27
77,0,0.06846365,0.00909153025,0.264575025,0.03512115,0.1193425,5.55702e-05,-0.0007045815,0.002754183,-0.000172477,0.000381359,0.7,0.27
78,0,0.06210825,0.0071749365,0.2528204,0.030617875,0.11094075,5.4877e-05,-0.0007135377,0.002708947,-0.00017338,0.000378197,0.7,0.27
79,0,0.0564773,0.0055407725,0.241485125,0.02667835,0.10325675,5.41779e-05,-0.0007210722,0.002687309,-0.000173818,0.000375452,0.7,0.27
80,0,0.05137385,0.00420063925,0.23044735,0.0232977,0.09618355,5.36589e-05,-0.0007285085,0.002671506,-0.00017414,0.000373846,0.7,0.27
81,0,0.046731,0.00318724375,0.2199523,0.02036985,0.089588975,5.33237e-05,-0.0007360595,0.002652487,-0.000174708,0.000372393,0.7,0.27
82,0,0.0425572,0.002306384,0.210408175,0.017800025,0.0835135,5.27521e-05,-0.0007410927,0.002639281,-0.000175031,0.000371612,0.7,0.27
83,0,0.03883965,0.00155748375,0.201395425,0.015577175,0.07792665,5.22557e-05,-0.0007473493,0.002628901,-0.000175388,0.000370727,0.7,0.27
84,0,0.0355335,0.000957811350000001,0.19264915,0.01366205,0.07273775,5.20184e-05,-0.0007526369,0.002625392,-0.000175737,0.000370353,0.7,0.27
85,0,0.0323989,0.000452885175,0.184299175,0.01198805,0.067969325,5.18802e-05,-0.0007555571,0.00261188899999999,-0.000176055,0.00036951,0.7,0.27
86,0,0.02959835,3.7476975e-05,0.17615315,0.0105419,0.063549575,5.16102e-05,-0.0007610219,0.002599755,-0.000176208,0.000368633,0.7,0.27
87,0,0.0270623,-0.000330105,0.1687682,0.009322325,0.059530725,5.14545e-05,-0.0007616809,0.00258531299999999,-0.000176424,0.000368157,0.7,0.27
88,0,0.02475945,-0.00066303645,0.1615881,0.0082548175,0.055707175,5.11384e-05,-0.0007642349,0.002583038,-0.000176512,0.000367906,0.7,0.27
89,0,0.0227199,-0.00098980645,0.155060675,0.00732401,0.052192875,5.08876e-05,-0.0007670183,0.002574912,-0.000176657,0.000367026,0.7,0.27
90,0,0.02085655,-0.00131674175,0.14849325,0.0065298175,0.0489088,5.0727e-05,-0.0007703532,0.002569593,-0.000176773,0.0003668,0.7,0.27
0,0,1,1,1,1,1,1,1,1,1,1,0.7,19.2
1,0,1,1,1,1,1,1,1,1,1,1,0.7,19.2
2,0,1,1,1,1,1,1,1,1,1,1,0.7,19.2
3,0,1,1,1,1,1,1,1,1,1,1,0.7,19.2
4,0,1,1,1,1,1,1,1,1,1,1,0.7,19.2
5,0,1,1,1,1,1,1,1,1,1,1,0.7,19.2
6,0,1,1,1,1,1,1,1,1,1,1,0.7,19.2
7,0,1,1,1,1,1,1,1,1,1,1,0.7,19.2
8,0,1,1,1,1,1,1,1,1,1,1,0.7,19.2
9,0,1,1,1,1,1,1,1,1,1,1,0.7,19.2
10,1,1,1,1,1,1,1,1,1,1,1,0.7,19.2
11,0,1,1,1,1,1,1,1,1,1,1,0.7,19.2
12,0,1,1,1,1,1,1,1,1,1,1,0.7,19.2
13,0,1,1,1,1,1,1,1,1,1,1,0.7,19.2
14,0,1,1,1,1,1,1,1,1,1,1,0.7,19.2
15,0,1,1,1,1,1,1,1,1,1,1,0.7,19.2
16,0,1,1,1,1,1,1,1,1,1,1,0.7,19.2
17,0,1,1,1,1,1,1,1,1,1,1,0.7,19.2
18,0,1,1,1,1,1,1,1,1,1,1,0.7,19.2
19,2,1,1,1,1,1,1,1,1,1,1,0.7,19.2
20,0,1,1,1,1,1,1,1,1,1,1,0.7,19.2
21,0,1,1,1,1,1,1,1,1,1,1,0.7,19.2
22,0,1,1,1,1,1,1,1,1,1,1,0.7,19.2
23,1,1,1,1,1,1,1,1,1,1,1,0.7,19.2
24,1,1,1,1,1,1,1,1,1,1,1,0.7,19.2
25,1,1,1,1,1,1,1,1,1,1,1,0.7,19.2
26,4,1,1,1,1,1,1,1,1,1,1,0.7,19.2
27,1,1,1,1,1,1,1,1,1,1,1,0.7,19.2
28,0,1,1,1,1,1,1,1,1,1,1,0.7,19.2
29,2,1,1,1,1,1,1,1,1,1,1,0.7,19.2
30,1,1,1,1,1,1,1,1,1,1,1,0.7,19.2
31,2,1,1,1,1,1,1,1,1,1,1,0.7,19.2
32,0,1,1,1,1,1,1,1,1,1,1,0.7,19.2
33,0,1,1,1,1,1,1,1,1,1,1,0.7,19.2
34,0,1,1,1,1,1,1,1,1,1,1,0.7,19.2
35,0,1,1,1,1,1,1,1,1,1,1,0.7,19.2
36,0,1,1,1,1,1,1,1,1,1,1,0.7,19.2
37,4,1,1,1,1,1,1,1,1,1,1,0.7,19.2
38,0,1,1,1,1,1,1,1,1,1,1,0.7,19.2
39,0,1,1,1,1,1,1,1,1,1,1,0.7,19.2
40,0,1,1,1,1,1,1,1,1,1,1,0.7,19.2
41,0,1,1,1,1,1,1,1,1,1,1,0.7,19.2
42,0,1,1,1,1,1,1,1,1,1,1,0.7,19.2
43,1,1,1,1,1,1,1,1,1,1,1,0.7,19.2
44,0,1,1,1,1,1,1,1,1,1,1,0.7,19.2
45,0,1,1,1,1,1,1,1,1,1,1,0.7,19.2
46,0,1,1,1,1,1,1,1,1,1,1,0.7,19.2
47,1,0.9060135,0.834142,0.9573462,0.882827,0.92625625,0.606661,0.5309086,0.6871409,0.57974,0.633555,0.7,19.2
48,0,0.883335,0.8006019,0.9458081,0.85631625,0.90764225,0.555836,0.4790602,0.6401322,0.528602,0.583523,0.7,19.2
49,0,0.8569895,0.76217095,0.931918825,0.8257515,0.88584075,0.500136,0.4125713,0.5885234,0.471214,0.529094,0.7,19.2
50,0,0.826497,0.718426525,0.9156405,0.790538,0.86045425,0.436576,0.3312186,0.53178,0.403317,0.468586,0.7,19.2
51,0,0.791738,0.670015825,0.896752175,0.750571,0.83121975,0.364458,0.2427909,0.4700485,0.325741,0.401037,0.7,19.2
52,0,0.7529265,0.61734625,0.875094725,0.70659375,0.7982075,0.287257,0.1583208,0.4039519,0.244737,0.327677,0.7,19.2
53,0,0.7107865,0.5619865,0.850678575,0.65912575,0.761702,0.211697,0.08891884,0.3355491,0.168649,0.253952,0.7,19.2
54,0,0.665986,0.506077475,0.823953825,0.609631,0.722676,0.145005,0.04257633,0.2695614,0.105912,0.185906,0.7,19.2
55,0,0.619631,0.45118535,0.794964425,0.55923575,0.68148025,0.0919481,0.01730508,0.209362,0.0600463,0.128847,0.7,19.2
56,0,0.5729005,0.39858145,0.764503175,0.50935275,0.639625,0.0541627,0.00602326,0.1586072,0.0307404,0.0844348,0.7,19.2
57,0,0.526812,0.349354425,0.73295975,0.46070975,0.59734625,0.0295345,0.001923758,0.1178301,0.0142132,0.0525754,0.7,19.2
58,0,0.4821465,0.304148975,0.7014902,0.41438575,0.556021,0.0150777,0.0005694319,0.08662011,0.00603126,0.0312659,0.7,19.2
59,0,0.4394405,0.263080725,0.670094675,0.37109,0.5158165,0.00728231,8.776566e-05,0.06235438,0.00243034,0.0177812,0.7,19.2
60,0,0.3995045,0.2263303,0.63936955,0.330863,0.477312,0.0033722,-0.0001339716,0.04499996,0.00101245,0.00984474,0.7,19.2
61,0,0.362119,0.193817975,0.608752675,0.294171,0.4405775,0.00161452,-0.000270136,0.03212119,0.000426648,0.00537608,0.7,19.2
62,0,0.3272675,0.165304225,0.578612925,0.26052475,0.40638425,0.000853783,-0.000366195,0.0229686,0.000167829,0.0029648,0.7,19.2
63,0,0.295563,0.140209125,0.55038145,0.2301675,0.37430625,0.000480658,-0.0004379355,0.01636897,3.87487e-05,0.00178347,0.7,19.2
64,0,0.2667865,0.11864625,0.52295275,0.202916,0.34457525,0.000298135,-0.0004861938,0.01202023,-3.55369e-05,0.00119759,0.7,19.2
65,0,0.240284,0.100120975,0.497116475,0.17879025,0.316986,0.000202489,-0.0005218569,0.008987388,-8.03929e-05,0.00087788,0.7,19.2
66,0,0.216432,0.083834395,0.47215415,0.15686375,0.29178975,0.000148119,-0.0005471638,0.00693402899999999,-0.000110217,0.000694957,0.7,19.2
67,0,0.1950985,0.07019851,0.448579175,0.13761525,0.26854725,0.000117913,-0.0005684412,0.005645594,-0.000130095,0.000582203,0.7,19.2
68,0,0.1756215,0.058498135,0.426468525,0.1206355,0.247393,9.78072e-05,-0.0005872137,0.004693483,-0.000142831,0.000516717,0.7,19.2
69,0,0.1580745,0.0484432425,0.40576545,0.10558325,0.22793725,8.44777e-05,-0.000599183,0.004034631,-0.000151216,0.000472652,0.7,19.2
70,0,0.1424345,0.0400091275,0.3861912,0.092281675,0.21020325,7.56931e-05,-0.0006139374,0.003653548,-0.000157417,0.000444459,0.7,19.2
71,0,0.128329,0.0328504825,0.367594375,0.0806499,0.193883,6.92183e-05,-0.0006308662,0.00335245,-0.000161692,0.000425449,0.7,19.2
72,0,0.11572,0.0268878875,0.349647,0.070489325,0.178936,6.48843e-05,-0.0006444231,0.003179124,-0.000164868,0.000410276,0.7,19.2
73,0,0.1043675,0.0219044775,0.33265455,0.0614724,0.1654115,6.20849e-05,-0.0006603204,0.003013475,-0.000167162,0.000400496,0.7,19.2
74,0,0.0942044,0.0178178475,0.31619925,0.053596875,0.15301125,5.94557e-05,-0.0006768373,0.002914276,-0.000168961,0.000394653,0.7,19.2
75,0,0.0850562,0.0143591475,0.30120325,0.0467597,0.14174875,5.7564e-05,-0.0006852113,0.002848086,-0.000170631,0.000389461,0.7,19.2
76,0,0.0769133,0.011534225,0.287136,0.040779225,0.13137025,5.66071e-05,-0.0006948078,0.002800056,-0.000171675,0.00038511,0.7,19.2
77,0,0.0696313,0.009169605,0.273832725,0.0356031,0.1218415,5.55706e-05,-0.0007045314,0.002756161,-0.000172474,0.000381383,0.7,19.2
78,0,0.06301845,0.00723711525,0.261227675,0.031013925,0.113092,5.48774e-05,-0.0007134867,0.002709688,-0.000173377,0.000378283,0.7,19.2
79,0,0.05720765,0.005583247,0.2492601,0.0269599,0.10503675,5.41782e-05,-0.0007209772,0.002688039,-0.000173815,0.000375466,0.7,19.2
80,0,0.05198745,0.0042313585,0.2373543,0.023505375,0.097725575,5.36591e-05,-0.0007284545,0.002672236,-0.000174137,0.00037386,0.7,19.2
81,0,0.04723075,0.0032181135,0.226252775,0.0205218,0.090940025,5.33259e-05,-0.0007360045,0.002653197,-0.000174695,0.000372408,0.7,19.2
82,0,0.04295325,0.00232472575,0.21609305,0.0179289,0.084694475,5.27524e-05,-0.0007410367,0.002639991,-0.000175028,0.000371626,0.7,19.2
83,0,0.03918725,0.0015652635,0.206584375,0.0156693,0.07891895,5.22559e-05,-0.0007472932,0.002629601,-0.000175384,0.000370741,0.7,19.2
84,0,0.03578815,0.0009632726,0.197419125,0.01373235,0.07358105,5.20186e-05,-0.0007525015,0.002626092,-0.000175734,0.000370367,0.7,19.2
85,0,0.03261735,0.0004574846,0.188556925,0.012040925,0.06869465,5.18804e-05,-0.0007554991,0.00261257899999999,-0.000176052,0.000369524,0.7,19.2
86,0,0.02978535,4.37880725e-05,0.180106,0.01058205,0.06418055,5.16104e-05,-0.0007609638,0.00260043499999999,-0.000176204,0.000368708,0.7,19.2
87,0,0.02721965,-0.00032616875,0.17233625,0.009352005,0.060068925,5.14548e-05,-0.0007616219,0.00258599299999999,-0.00017642,0.000368171,0.7,19.2
88,0,0.0248746,-0.00066039765,0.164854925,0.00827536,0.056177625,5.11387e-05,-0.0007641736,0.002583717,-0.000176509,0.000367919,0.7,19.2
89,0,0.02282345,-0.00098763495,0.15799685,0.00734134,0.052596175,5.08879e-05,-0.0007669592,0.002575583,-0.000176654,0.00036704,0.7,19.2
90,0,0.02094145,-0.001314485,0.1512081,0.00654227,0.0492573,5.07273e-05,-0.0007702932,0.002570263,-0.00017677,0.000366814,0.7,19.2
0,0,1,1,1,1,1,1,1,1,1,1,1.2,0.11
1,0,1,1,1,1,1,1,1,1,1,1,1.2,0.11
2,0,1,1,1,1,1,1,1,1,1,1,1.2,0.11
3,0,1,1,1,1,1,1,1,1,1,1,1.2,0.11
4,0,1,1,1,1,1,1,1,1,1,1,1.2,0.11
5,0,1,1,1,1,1,1,1,1,1,1,1.2,0.11
6,0,1,1,1,1,1,1,1,1,1,1,1.2,0.11
7,0,1,1,1,1,1,1,1,1,1,1,1.2,0.11
8,0,1,1,1,1,1,1,1,1,1,1,1.2,0.11
9,0,1,1,1,1,1,1,1,1,1,1,1.2,0.11
10,1,1,1,1,1,1,1,1,1,1,1,1.2,0.11
11,0,1,1,1,1,1,1,1,1,1,1,1.2,0.11
12,0,1,1,1,1,1,1,1,1,1,1,1.2,0.11
13,0,1,1,1,1,1,1,1,1,1,1,1.2,0.11
14,0,1,1,1,1,1,1,1,1,1,1,1.2,0.11
15,0,1,1,1,1,1,1,1,1,1,1,1.2,0.11
16,0,1,1,1,1,1,1,1,1,1,1,1.2,0.11
17,0,1,1,1,1,1,1,1,1,1,1,1.2,0.11
18,0,1,1,1,1,1,1,1,1,1,1,1.2,0.11
19,2,1,1,1,1,1,1,1,1,1,1,1.2,0.11
20,0,1,1,1,1,1,1,1,1,1,1,1.2,0.11
21,0,1,1,1,1,1,1,1,1,1,1,1.2,0.11
22,0,1,1,1,1,1,1,1,1,1,1,1.2,0.11
23,1,1,1,1,1,1,1,1,1,1,1,1.2,0.11
24,1,1,1,1,1,1,1,1,1,1,1,1.2,0.11
25,1,1,1,1,1,1,1,1,1,1,1,1.2,0.11
26,4,1,1,1,1,1,1,1,1,1,1,1.2,0.11
27,1,1,1,1,1,1,1,1,1,1,1,1.2,0.11
28,0,1,1,1,1,1,1,1,1,1,1,1.2,0.11
29,2,1,1,1,1,1,1,1,1,1,1,1.2,0.11
30,1,1,1,1,1,1,1,1,1,1,1,1.2,0.11
31,2,1,1,1,1,1,1,1,1,1,1,1.2,0.11
32,0,1,1,1,1,1,1,1,1,1,1,1.2,0.11
33,0,1,1,1,1,1,1,1,1,1,1,1.2,0.11
34,0,1,1,1,1,1,1,1,1,1,1,1.2,0.11
35,0,1,1,1,1,1,1,1,1,1,1,1.2,0.11
36,0,1,1,1,1,1,1,1,1,1,1,1.2,0.11
37,4,1,1,1,1,1,1,1,1,1,1,1.2,0.11
38,0,1,1,1,1,1,1,1,1,1,1,1.2,0.11
39,0,1,1,1,1,1,1,1,1,1,1,1.2,0.11
40,0,1,1,1,1,1,1,1,1,1,1,1.2,0.11
41,0,1,1,1,1,1,1,1,1,1,1,1.2,0.11
42,0,1,1,1,1,1,1,1,1,1,1,1.2,0.11
43,1,1,1,1,1,1,1,1,1,1,1,1.2,0.11
44,0,1,1,1,1,1,1,1,1,1,1,1.2,0.11
45,0,1,1,1,1,1,1,1,1,1,1,1.2,0.11
46,0,1,1,1,1,1,1,1,1,1,1,1.2,0.11
47,1,0.8268695,0.7284036,0.898104775,0.79562975,0.8549155,0.382542,0.3107212,0.478732,0.357279,0.409048,1.2,0.11
48,0,0.8047995,0.69544295,0.88627525,0.769601,0.83657425,0.345935,0.2736833,0.4411382,0.32041,0.373024,1.2,0.11
49,0,0.780955,0.6608338,0.873266375,0.7417585,0.8167365,0.308867,0.2396692,0.4039133,0.283285,0.336229,1.2,0.11
50,0,0.7554545,0.624894225,0.859386925,0.712148,0.79545025,0.271654,0.2079741,0.3662744,0.246835,0.299044,1.2,0.11
51,0,0.728431,0.587569225,0.844334675,0.680904,0.77276475,0.235236,0.1739309,0.3287151,0.212098,0.261928,1.2,0.11
52,0,0.6998675,0.5490656,0.8283915,0.64839375,0.748647,0.200239,0.1358161,0.2914586,0.178016,0.225633,1.2,0.11
53,0,0.669939,0.510150325,0.811644575,0.61468275,0.72352425,0.166052,0.09475698,0.2552309,0.142835,0.190682,1.2,0.11
54,0,0.639166,0.471563225,0.79406945,0.579934,0.6971455,0.131662,0.05568702,0.2202153,0.106847,0.156991,1.2,0.11
55,0,0.6076195,0.433104075,0.7760896,0.5449045,0.6699875,0.0979817,0.02630199,0.1869471,0.0722792,0.124356,1.2,0.11
56,0,0.5758165,0.39551025,0.757419475,0.50978225,0.6419545,0.0671509,0.00988824,0.1559918,0.0428832,0.093628,1.2,0.11
57,0,0.5435155,0.359416075,0.738032625,0.47477825,0.61386725,0.0415891,0.003259883,0.1274858,0.0219955,0.0663161,1.2,0.11
58,0,0.511559,0.324587575,0.71799655,0.44054025,0.5857705,0.0232116,0.0009728975,0.1021252,0.00988701,0.0438098,1.2,0.11
59,0,0.4802345,0.291267325,0.697933825,0.40684925,0.5575195,0.0118305,0.0001483152,0.0802703,0.00409283,0.0269928,1.2,0.11
60,0,0.449264,0.260109775,0.677996075,0.37422575,0.52952775,0.00564099,-0.0002307265,0.06178855,0.00172357,0.015743,1.2,0.11
61,0,0.419122,0.231051225,0.6577251,0.34326025,0.5017485,0.00274027,-0.0004636092,0.04670963,0.000728621,0.00888117,1.2,0.11
62,0,0.390001,0.2039925,0.637766,0.313435,0.47463,0.00145702,-0.0006283227,0.0348907899999998,0.00028695,0.00498796,1.2,0.11
63,0,0.3622455,0.178841,0.61767715,0.28496175,0.44838825,0.000822157,-0.000751014,0.02591378,6.60314e-05,0.00303109,1.2,0.11
64,0,0.3357385,0.156387875,0.597892525,0.25850425,0.42302525,0.000510528,-0.0008337944,0.01937137,-6.10429e-05,0.00204193,1.2,0.11
65,0,0.31028,0.13549695,0.57819545,0.23372875,0.39860125,0.000346676,-0.0008949973,0.01477904,-0.000137896,0.00150113,1.2,0.11
66,0,0.2862525,0.116855275,0.55915685,0.21062225,0.375006,0.00025359,-0.0009384001,0.01162302,-0.000189141,0.00118907,1.2,0.11
67,0,0.2634775,0.10022395,0.5406542,0.18922675,0.35266775,0.000201976,-0.0009751439,0.009481404,-0.000223058,0.000996718,1.2,0.11
68,0,0.2422825,0.0854710425,0.52243425,0.1694585,0.33128125,0.000167649,-0.001007119,0.00793546199999999,-0.000244902,0.000884719,1.2,0.11
69,0,0.2224995,0.072229715,0.504329025,0.1514295,0.3108955,0.00014473,-0.001027652,0.006863438,-0.000259258,0.000809395,1.2,0.11
70,0,0.204097,0.060718535,0.48663495,0.134886,0.291453,0.000129691,-0.001053476,0.00622383,-0.000269912,0.00076132,1.2,0.11
71,0,0.186903,0.0507251175,0.469423,0.12005725,0.27320675,0.000118647,-0.001082032,0.00571811199999999,-0.000277353,0.000729097,1.2,0.11
72,0,0.1711365,0.0421718875,0.452250875,0.1064135,0.25617675,0.000111224,-0.001105287,0.005428454,-0.000282674,0.000703072,1.2,0.11
73,0,0.156482,0.0349092775,0.435801775,0.094217475,0.2400965,0.000106421,-0.001133653,0.00515197099999999,-0.000286601,0.000686308,1.2,0.11
74,0,0.143097,0.02866156,0.4198511,0.083223725,0.22498675,0.000101919,-0.001161049,0.00496463099999998,-0.000289686,0.000676211,1.2,0.11
75,0,0.130708,0.0233421775,0.404611975,0.07350345,0.21064025,9.862e-05,-0.001176206,0.004871481,-0.000292591,0.000667375,1.2,0.11
76,0,0.119516,0.0188277025,0.390186675,0.0647419,0.19730125,9.70316e-05,-0.001192598,0.004789512,-0.00029434,0.000659988,1.2,0.11
77,0,0.1091315,0.0151562475,0.375872425,0.05698695,0.18485125,9.52596e-05,-0.001208449,0.004712536,-0.00029571,0.000653516,1.2,0.11
78,0,0.0998084,0.0119464325,0.361905075,0.0501026,0.173099,9.40714e-05,-0.001223807,0.00463527499999999,-0.000297336,0.00064817,1.2,0.11
79,0,0.0912638,0.00927142275,0.34798165,0.04388305,0.1622765,9.2873e-05,-0.001237575,0.004598313,-0.000298009,0.000643186,1.2,0.11
80,0,0.0835176,0.0070686675,0.3349347,0.03850005,0.151985,9.19832e-05,-0.001249495,0.004571341,-0.000298762,0.000640715,1.2,0.11
81,0,0.07626495,0.00535896475,0.322204825,0.0338353,0.142495,9.1398e-05,-0.001262454,0.00453884199999999,-0.00029954,0.000638225,1.2,0.11
82,0,0.0698841,0.00388288725,0.3104321,0.02969695,0.13345275,9.03464e-05,-0.001271095,0.00451611,-0.000300089,0.000636886,1.2,0.11
83,0,0.06407185,0.0026061935,0.29891205,0.02606435,0.12514625,8.95779e-05,-0.001282347,0.004498561,-0.000300701,0.00063537,1.2,0.11
84,0,0.0587106,0.0015978545,0.287427925,0.0229312,0.11733475,8.91711e-05,-0.00129159,0.004492567,-0.000301299,0.000634729,1.2,0.11
85,0,0.053757,0.00075570865,0.276734575,0.020160075,0.110125,8.89343e-05,-0.001295912,0.00446949799999999,-0.000301846,0.000633285,1.2,0.11
86,0,0.04923375,4.91902750000007e-05,0.2661453,0.017794825,0.103336,8.84714e-05,-0.001305295,0.004448407,-0.000302124,0.000631783,1.2,0.11
87,0,0.0451392,-0.000589806075,0.2562264,0.015768825,0.097148475,8.82046e-05,-0.001306426,0.00442410799999999,-0.000302477,0.000630967,1.2,0.11
88,0,0.04142895,-0.00114077975,0.2467273,0.013993975,0.0912149,8.76628e-05,-0.00131081,0.004420226,-0.000302629,0.000630536,1.2,0.11
89,0,0.03811575,-0.00172093425,0.2377451,0.012421175,0.085677775,8.72329e-05,-0.001315583,0.00440633499999999,-0.000302877,0.000629029,1.2,0.11
90,0,0.0350622,-0.002278792,0.228856375,0.011080775,0.08055095,8.69575e-05,-0.001321303,0.004397239,-0.000303076,0.000628642,1.2,0.11
0,0,1,1,1,1,1,1,1,1,1,1,1.2,0.27
1,0,1,1,1,1,1,1,1,1,1,1,1.2,0.27
2,0,1,1,1,1,1,1,1,1,1,1,1.2,0.27
3,0,1,1,1,1,1,1,1,1,1,1,1.2,0.27
4,0,1,1,1,1,1,1,1,1,1,1,1.2,0.27
5,0,1,1,1,1,1,1,1,1,1,1,1.2,0.27
6,0,1,1,1,1,1,1,1,1,1,1,1.2,0.27
7,0,1,1,1,1,1,1,1,1,1,1,1.2,0.27
8,0,1,1,1,1,1,1,1,1,1,1,1.2,0.27
9,0,1,1,1,1,1,1,1,1,1,1,1.2,0.27
10,1,1,1,1,1,1,1,1,1,1,1,1.2,0.27
11,0,1,1,1,1,1,1,1,1,1,1,1.2,0.27
12,0,1,1,1,1,1,1,1,1,1,1,1.2,0.27
13,0,1,1,1,1,1,1,1,1,1,1,1.2,0.27
14,0,1,1,1,1,1,1,1,1,1,1,1.2,0.27
15,0,1,1,1,1,1,1,1,1,1,1,1.2,0.27
16,0,1,1,1,1,1,1,1,1,1,1,1.2,0.27
17,0,1,1,1,1,1,1,1,1,1,1,1.2,0.27
18,0,1,1,1,1,1,1,1,1,1,1,1.2,0.27
19,2,1,1,1,1,1,1,1,1,1,1,1.2,0.27
20,0,1,1,1,1,1,1,1,1,1,1,1.2,0.27
21,0,1,1,1,1,1,1,1,1,1,1,1.2,0.27
22,0,1,1,1,1,1,1,1,1,1,1,1.2,0.27
23,1,1,1,1,1,1,1,1,1,1,1,1.2,0.27
24,1,1,1,1,1,1,1,1,1,1,1,1.2,0.27
25,1,1,1,1,1,1,1,1,1,1,1,1.2,0.27
26,4,1,1,1,1,1,1,1,1,1,1,1.2,0.27
27,1,1,1,1,1,1,1,1,1,1,1,1.2,0.27
28,0,1,1,1,1,1,1,1,1,1,1,1.2,0.27
29,2,1,1,1,1,1,1,1,1,1,1,1.2,0.27
30,1,1,1,1,1,1,1,1,1,1,1,1.2,0.27
31,2,1,1,1,1,1,1,1,1,1,1,1.2,0.27
32,0,1,1,1,1,1,1,1,1,1,1,1.2,0.27
33,0,1,1,1,1,1,1,1,1,1,1,1.2,0.27
34,0,1,1,1,1,1,1,1,1,1,1,1.2,0.27
35,0,1,1,1,1,1,1,1,1,1,1,1.2,0.27
36,0,1,1,1,1,1,1,1,1,1,1,1.2,0.27
37,4,1,1,1,1,1,1,1,1,1,1,1.2,0.27
38,0,1,1,1,1,1,1,1,1,1,1,1.2,0.27
39,0,1,1,1,1,1,1,1,1,1,1,1.2,0.27
40,0,1,1,1,1,1,1,1,1,1,1,1.2,0.27
41,0,1,1,1,1,1,1,1,1,1,1,1.2,0.27
42,0,1,1,1,1,1,1,1,1,1,1,1.2,0.27
43,1,1,1,1,1,1,1,1,1,1,1,1.2,0.27
44,0,1,1,1,1,1,1,1,1,1,1,1.2,0.27
45,0,1,1,1,1,1,1,1,1,1,1,1.2,0.27
46,0,1,1,1,1,1,1,1,1,1,1,1.2,0.27
47,1,0.910478,0.832305725,0.959880525,0.88662675,0.93094025,0.525524,0.4396766,0.6219872,0.49616,0.555219,1.2,0.27
48,0,0.8921815,0.80211675,0.951572525,0.86409575,0.916511,0.479202,0.393613,0.5794042,0.448763,0.51037,1.2,0.27
49,0,0.871336,0.768552375,0.9422211,0.83877775,0.9000175,0.431138,0.3497135,0.5343606,0.40055,0.463278,1.2,0.27
50,0,0.847859,0.732414575,0.931292625,0.81063425,0.88129875,0.381881,0.3015561,0.4875312,0.352157,0.414227,1.2,0.27
51,0,0.8218145,0.69294495,0.91902115,0.7795235,0.860281,0.332052,0.245723,0.438721,0.302533,0.364025,1.2,0.27
52,0,0.7931875,0.650993425,0.905146,0.745612,0.83701275,0.280938,0.1827162,0.3887208,0.249173,0.313271,1.2,0.27
53,0,0.7620685,0.60734695,0.88982635,0.70941175,0.81167725,0.227649,0.1184445,0.3386955,0.192573,0.261907,1.2,0.27
54,0,0.728789,0.5621785,0.873067625,0.67125775,0.78411225,0.173577,0.06392312,0.2892909,0.136208,0.21035,1.2,0.27
55,0,0.6938195,0.51642595,0.855119525,0.6313625,0.754971,0.122485,0.02811282,0.2414458,0.0860894,0.160417,1.2,0.27
56,0,0.6574515,0.470955225,0.835997675,0.59060625,0.7244165,0.078972,0.01011632,0.1969446,0.047755,0.114999,1.2,0.27
57,0,0.620421,0.426128975,0.81603825,0.549244,0.692436,0.0461349,0.0032852,0.1567966,0.0232653,0.0773107,1.2,0.27
58,0,0.5829135,0.38296875,0.7947955,0.50836125,0.659738,0.0246193,0.000974584,0.1212871,0.0101373,0.0486615,1.2,0.27
59,0,0.5453885,0.34208255,0.772720075,0.4679845,0.62677975,0.01219,0.0001486583,0.09235094,0.00413424,0.0288343,1.2,0.27
60,0,0.508511,0.302787425,0.7501523,0.42867825,0.593947,0.00571716,-0.0002300618,0.06903276,0.00173061,0.0163659,1.2,0.27
61,0,0.472525,0.266613225,0.727444875,0.3908935,0.561219,0.00275553,-0.0004634777,0.05093187,0.000729799,0.00906527,1.2,0.27
62,0,0.43767,0.23302275,0.704194825,0.3547385,0.5291905,0.00146041,-0.0006281285,0.037147,0.000287179,0.0050431,1.2,0.27
63,0,0.4040605,0.202804,0.681413225,0.32104275,0.49751625,0.000822826,-0.000750921,0.0270561,6.62157e-05,0.00304357,1.2,0.27
64,0,0.3719785,0.175232375,0.658260275,0.288995,0.46731275,0.000510764,-0.0008336903,0.02006476,-6.09253e-05,0.00204746,1.2,0.27
65,0,0.342124,0.150435825,0.635489025,0.259156,0.43820525,0.0003468,-0.0008948664,0.01510344,-0.00013789,0.00150311,1.2,0.27
66,0,0.3137615,0.12858875,0.6130038,0.2319895,0.4104325,0.000253819,-0.0009382681,0.0117891,-0.000189088,0.00118984,1.2,0.27
67,0,0.287225,0.10911785,0.59103145,0.20685075,0.38393775,0.000202013,-0.0009747675,0.00956966199999999,-0.000223042,0.000997161,1.2,0.27
68,0,0.2623775,0.0922177425,0.569757275,0.184019,0.358913,0.000167657,-0.001006968,0.008003303,-0.000244893,0.000885371,1.2,0.27
69,0,0.23954,0.077392935,0.5491141,0.16322775,0.3353915,0.000144784,-0.001027501,0.006882762,-0.000259248,0.000809755,1.2,0.27
70,0,0.2184235,0.0645485025,0.528542525,0.14448875,0.312926,0.000129699,-0.001052862,0.00624653,-0.000269901,0.000761749,1.2,0.27
71,0,0.199097,0.053523685,0.50853135,0.12758525,0.2919295,0.000118649,-0.001081861,0.005732356,-0.000277211,0.000729176,1.2,0.27
72,0,0.1812265,0.044118085,0.489032875,0.112598,0.2723985,0.000111226,-0.001105107,0.00543571,-0.000282662,0.000703146,1.2,0.27
73,0,0.1649715,0.0362361,0.4695822,0.0990291,0.25422375,0.000106428,-0.001132377,0.00515595099999999,-0.000286589,0.000686419,1.2,0.27
74,0,0.150127,0.0296169075,0.45150715,0.08704805,0.23736475,0.000101921,-0.001160849,0.004980914,-0.000289674,0.000676405,1.2,0.27
75,0,0.136613,0.023986935,0.4339625,0.076438875,0.221555,9.86781e-05,-0.001175447,0.004875031,-0.000292578,0.000667508,1.2,0.27
76,0,0.1242825,0.0193338775,0.417082,0.06707975,0.20670275,9.70378e-05,-0.001191542,0.004792952,-0.000294327,0.000660053,1.2,0.27
77,0,0.1131815,0.01545226,0.401105725,0.0588781,0.19306525,9.5261e-05,-0.00120822,0.004715866,-0.000295697,0.00065358,1.2,0.27
78,0,0.1030575,0.01219274,0.385649775,0.0514732,0.180282,9.40727e-05,-0.001223587,0.00463848599999999,-0.000297301,0.000648233,1.2,0.27
79,0,0.09403575,0.0094334235,0.369982325,0.044975275,0.1684805,9.28743e-05,-0.001236557,0.004601474,-0.000297996,0.000643528,1.2,0.27
80,0,0.08574505,0.007158234,0.355059325,0.0393557,0.157384,9.19845e-05,-0.001249264,0.004574462,-0.000298549,0.000640776,1.2,0.27
81,0,0.0781787,0.00543543775,0.340833675000001,0.034489975,0.147165,9.14076e-05,-0.001262214,0.00454192299999999,-0.000299522,0.000638286,1.2,0.27
82,0,0.07141555,0.0039352065,0.327512925,0.03017025,0.13759825,9.04302e-05,-0.001270845,0.004519347,-0.000300076,0.000636947,1.2,0.27
83,0,0.0652857,0.002659439,0.31483755,0.02644495,0.12879675,8.95791e-05,-0.001282084,0.004501582,-0.000300687,0.00063543,1.2,0.27
84,0,0.05981725,0.0016333925,0.30228855,0.023227275,0.12047375,8.91723e-05,-0.00129095,0.004495587,-0.000301286,0.000634789,1.2,0.27
85,0,0.05464985,0.00076947315,0.29041595,0.02039565,0.11283925,8.89354e-05,-0.001295662,0.00447247999999999,-0.000301832,0.000633345,1.2,0.27
86,0,0.0499824,6.12922575000006e-05,0.278686425,0.017956875,0.105731,8.84726e-05,-0.001305036,0.00445172699999999,-0.000302093,0.000631843,1.2,0.27
87,0,0.0457611,-0.000575192924999999,0.26789965,0.01589195,0.099229175,8.82057e-05,-0.001306167,0.00442703899999999,-0.000302463,0.000631027,1.2,0.27
88,0,0.04192465,-0.001137738,0.2573732,0.01408625,0.093038675,8.7664e-05,-0.001310551,0.004423147,-0.000302616,0.000630596,1.2,0.27
89,0,0.03852,-0.001700982,0.247723575,0.0124994,0.087320075,8.7234e-05,-0.001315323,0.00440924599999999,-0.000302864,0.000629088,1.2,0.27
90,0,0.0353913,-0.00226146975,0.23799525,0.01115,0.08195425,8.69587e-05,-0.001321042,0.004400138,-0.000303062,0.000628701,1.2,0.27
0,0,1,1,1,1,1,1,1,1,1,1,1.2,19.2
1,0,1,1,1,1,1,1,1,1,1,1,1.2,19.2
2,0,1,1,1,1,1,1,1,1,1,1,1.2,19.2
3,0,1,1,1,1,1,1,1,1,1,1,1.2,19.2
4,0,1,1,1,1,1,1,1,1,1,1,1.2,19.2
5,0,1,1,1,1,1,1,1,1,1,1,1.2,19.2
6,0,1,1,1,1,1,1,1,1,1,1,1.2,19.2
7,0,1,1,1,1,1,1,1,1,1,1,1.2,19.2
8,0,1,1,1,1,1,1,1,1,1,1,1.2,19.2
9,0,1,1,1,1,1,1,1,1,1,1,1.2,19.2
10,1,1,1,1,1,1,1,1,1,1,1,1.2,19.2
11,0,1,1,1,1,1,1,1,1,1,1,1.2,19.2
12,0,1,1,1,1,1,1,1,1,1,1,1.2,19.2
13,0,1,1,1,1,1,1,1,1,1,1,1.2,19.2
14,0,1,1,1,1,1,1,1,1,1,1,1.2,19.2
15,0,1,1,1,1,1,1,1,1,1,1,1.2,19.2
16,0,1,1,1,1,1,1,1,1,1,1,1.2,19.2
17,0,1,1,1,1,1,1,1,1,1,1,1.2,19.2
18,0,1,1,1,1,1,1,1,1,1,1,1.2,19.2
19,2,1,1,1,1,1,1,1,1,1,1,1.2,19.2
20,0,1,1,1,1,1,1,1,1,1,1,1.2,19.2
21,0,1,1,1,1,1,1,1,1,1,1,1.2,19.2
22,0,1,1,1,1,1,1,1,1,1,1,1.2,19.2
23,1,1,1,1,1,1,1,1,1,1,1,1.2,19.2
24,1,1,1,1,1,1,1,1,1,1,1,1.2,19.2
25,1,1,1,1,1,1,1,1,1,1,1,1.2,19.2
26,4,1,1,1,1,1,1,1,1,1,1,1.2,19.2
27,1,1,1,1,1,1,1,1,1,1,1,1.2,19.2
28,0,1,1,1,1,1,1,1,1,1,1,1.2,19.2
29,2,1,1,1,1,1,1,1,1,1,1,1.2,19.2
30,1,1,1,1,1,1,1,1,1,1,1,1.2,19.2
31,2,1,1,1,1,1,1,1,1,1,1,1.2,19.2
32,0,1,1,1,1,1,1,1,1,1,1,1.2,19.2
33,0,1,1,1,1,1,1,1,1,1,1,1.2,19.2
34,0,1,1,1,1,1,1,1,1,1,1,1.2,19.2
35,0,1,1,1,1,1,1,1,1,1,1,1.2,19.2
36,0,1,1,1,1,1,1,1,1,1,1,1.2,19.2
37,4,1,1,1,1,1,1,1,1,1,1,1.2,19.2
38,0,1,1,1,1,1,1,1,1,1,1,1.2,19.2
39,0,1,1,1,1,1,1,1,1,1,1,1.2,19.2
40,0,1,1,1,1,1,1,1,1,1,1,1.2,19.2
41,0,1,1,1,1,1,1,1,1,1,1,1.2,19.2
42,0,1,1,1,1,1,1,1,1,1,1,1.2,19.2
43,1,1,1,1,1,1,1,1,1,1,1,1.2,19.2
44,0,1,1,1,1,1,1,1,1,1,1,1.2,19.2
45,0,1,1,1,1,1,1,1,1,1,1,1.2,19.2
46,0,1,1,1,1,1,1,1,1,1,1,1.2,19.2
47,1,0.9821835,0.953051475,0.995369525,0.9740385,0.98822225,0.794832,0.7230979,0.8610944,0.770344,0.818137,1.2,19.2
48,0,0.9742705,0.935789425,0.99303705,0.96328275,0.98273425,0.747855,0.669431,0.8238682,0.720964,0.774033,1.2,19.2
49,0,0.9636235,0.913353,0.989751575,0.949041,0.975239,0.691972,0.5951042,0.7787922,0.661089,0.721674,1.2,19.2
50,0,0.9494845,0.88459495,0.9852393,0.9303395,0.96517625,0.622873,0.4959994,0.7247241,0.584418,0.658501,1.2,19.2
51,0,0.931104,0.848993425,0.97923705,0.90629625,0.95188325,0.53764,0.3777897,0.6604746,0.488907,0.581838,1.2,19.2
52,0,0.9079455,0.8057088,0.971259575,0.876531,0.93483975,0.438595,0.2551223,0.5855837,0.3805,0.491487,1.2,19.2
53,0,0.879646,0.755658475,0.961092025,0.840676,0.91357175,0.333826,0.147325,0.5018259,0.270648,0.393389,1.2,19.2
54,0,0.846239,0.700121425,0.948498825,0.7993665,0.88811,0.23494,0.07181763,0.4148476,0.174302,0.2963,1.2,19.2
55,0,0.8082145,0.641338475,0.933272525,0.753289,0.85838525,0.152167,0.02947291,0.3305732,0.100608,0.210159,1.2,19.2
56,0,0.766361,0.580781225,0.915572875,0.70382875,0.82522725,0.0909594,0.01030216,0.2557175,0.0520879,0.140133,1.2,19.2
57,0,0.7217315,0.520660275,0.895350625,0.652079,0.7889165,0.0500681,0.00329559,0.193044,0.0242355,0.0883467,1.2,19.2
58,0,0.675494,0.462337725,0.873498725,0.59960425,0.75062825,0.0257014,0.0009759676,0.1436573,0.0103158,0.052969,1.2,19.2
59,0,0.628539,0.40687985,0.85001115,0.54772975,0.710872,0.0124499,0.0001504489,0.1044084,0.00416247,0.0302782,1.2,19.2
60,0,0.582149,0.3554181,0.825367675,0.497235,0.6705565,0.00577377,-0.0002296765,0.07584627,0.00173498,0.0168149,1.2,19.2
61,0,0.5367605,0.308501425,0.799309375,0.44917025,0.6299925,0.00276607,-0.0004631355,0.05441214,0.000731275,0.00919749,1.2,19.2
62,0,0.492695,0.266124775,0.77210465,0.4035375,0.590483,0.00146318,-0.0006278468,0.03904219,0.00028769,0.00507686,1.2,19.2
63,0,0.451155,0.22796665,0.7454462,0.361026,0.5519395,0.00082384,-0.0007508639,0.0278895,6.64254e-05,0.00305535,1.2,19.2
64,0,0.412271,0.194529625,0.718375725,0.3218795,0.514964,0.000511024,-0.0008336193,0.0205136,-6.09212e-05,0.00205212,1.2,19.2
65,0,0.3754705,0.165339225,0.69179665,0.2863645,0.47948675,0.000347098,-0.0008947783,0.01535572,-0.00013782,0.00150446,1.2,19.2
66,0,0.341512,0.1393013,0.665209875,0.25344125,0.44622875,0.000253905,-0.0009381791,0.01185668,-0.000188951,0.00119106,1.2,19.2
67,0,0.31054,0.117255425,0.639203625,0.22403,0.4147445,0.000202128,-0.0009746688,0.009658575,-0.000223031,0.000997854,1.2,19.2
68,0,0.281708,0.098130975,0.61412635,0.1976895,0.38548675,0.000167664,-0.001006868,0.00803243399999999,-0.000244865,0.000885637,1.2,19.2
69,0,0.2553155,0.08157238,0.5899785,0.174044,0.35804625,0.000144815,-0.001027392,0.00690622599999999,-0.000259241,0.000810124,1.2,19.2
70,0,0.23146,0.0675839925,0.566598575,0.15287575,0.3325625,0.000129756,-0.001052698,0.006255021,-0.000269874,0.000761808,1.2,19.2
71,0,0.209699,0.0556355025,0.54387815,0.1342055,0.308802,0.000118657,-0.00108173,0.005739945,-0.000277203,0.00072923,1.2,19.2
72,0,0.190029,0.0456375775,0.521495325,0.1177415,0.28668075,0.000111228,-0.001104978,0.00544368999999999,-0.000282647,0.000703226,1.2,19.2
73,0,0.1721135,0.0372486275,0.49987665,0.103024,0.26646125,0.000106429,-0.001132247,0.005160262,-0.00028658,0.000686467,1.2,19.2
74,0,0.1559735,0.0303457875,0.47860395,0.090094075,0.24766075,0.000101922,-0.001160583,0.00499067,-0.000289665,0.000676452,1.2,19.2
75,0,0.1413175,0.024486295,0.45886155,0.078802225,0.2304655,9.86791e-05,-0.001174938,0.004877441,-0.000292528,0.000667554,1.2,19.2
76,0,0.128178,0.0196893575,0.440077675,0.068872975,0.2144565,9.70387e-05,-0.001191393,0.004795282,-0.000294318,0.000660098,1.2,19.2
77,0,0.1163605,0.0156664175,0.422060975,0.06024745,0.1996345,9.52619e-05,-0.00120807,0.004720179,-0.000295688,0.000653711,1.2,19.2
78,0,0.105571,0.01237313,0.404769425,0.0525668,0.185921,9.40736e-05,-0.001223427,0.00464066699999999,-0.000297236,0.000648397,1.2,19.2
79,0,0.09604025,0.0095515895,0.388146275,0.045766275,0.1732085,9.28752e-05,-0.001236283,0.004603623,-0.000297987,0.00064357,1.2,19.2
80,0,0.0874462,0.0072426255,0.371447275,0.039951925,0.1616005,9.19853e-05,-0.001249104,0.004576591,-0.00029854,0.000640818,1.2,19.2
81,0,0.0795873,0.0055100785,0.355690775,0.034918075,0.15076725,9.14141e-05,-0.001262054,0.00454402199999999,-0.000299496,0.000638328,1.2,19.2
82,0,0.07249005,0.0039817305,0.34113605,0.030536175,0.14074225,9.0431e-05,-0.001270685,0.004521418,-0.000300067,0.000636988,1.2,19.2
83,0,0.0662286,0.00268174975,0.32738135,0.02671,0.1314295,8.95799e-05,-0.001281415,0.004503641,-0.000300678,0.000635471,1.2,19.2
84,0,0.0605601,0.001650662,0.31401885,0.023424075,0.12278625,8.91731e-05,-0.001290349,0.004497637,-0.000301276,0.00063483,1.2,19.2
85,0,0.0552588,0.00078409315,0.3009887,0.02055185,0.1148405,8.89362e-05,-0.001295492,0.00447450999999999,-0.000301823,0.000633386,1.2,19.2
86,0,0.05051225,7.49064600000001e-05,0.288468,0.01807165,0.10747525,8.84734e-05,-0.001304866,0.00445373799999999,-0.000302084,0.000631988,1.2,19.2
87,0,0.046205,-0.0005592679,0.2768749,0.0159776,0.1007445,8.82065e-05,-0.001305996,0.00442901999999999,-0.000302454,0.000631067,1.2,19.2
88,0,0.0422606,-0.00113238975,0.26564065,0.014143875,0.0943539,8.76648e-05,-0.001310368,0.004425127,-0.000302606,0.000630636,1.2,19.2
89,0,0.0388046,-0.001693701,0.25527985,0.012551875,0.0884559,8.72348e-05,-0.001315152,0.00441121599999999,-0.000302854,0.000629128,1.2,19.2
90,0,0.0356293,-0.002254497,0.24495905,0.011188975,0.0829429,8.69594e-05,-0.001320863,0.004402099,-0.000303053,0.000628741,1.2,19.2
0,0,1,1,1,1,1,1,1,1,1,1,2.5,0.11
1,0,1,1,1,1,1,1,1,1,1,1,2.5,0.11
2,0,1,1,1,1,1,1,1,1,1,1,2.5,0.11
3,0,1,1,1,1,1,1,1,1,1,1,2.5,0.11
4,0,1,1,1,1,1,1,1,1,1,1,2.5,0.11
5,0,1,1,1,1,1,1,1,1,1,1,2.5,0.11
6,0,1,1,1,1,1,1,1,1,1,1,2.5,0.11
7,0,1,1,1,1,1,1,1,1,1,1,2.5,0.11
8,0,1,1,1,1,1,1,1,1,1,1,2.5,0.11
9,0,1,1,1,1,1,1,1,1,1,1,2.5,0.11
10,1,1,1,1,1,1,1,1,1,1,1,2.5,0.11
11,0,1,1,1,1,1,1,1,1,1,1,2.5,0.11
12,0,1,1,1,1,1,1,1,1,1,1,2.5,0.11
13,0,1,1,1,1,1,1,1,1,1,1,2.5,0.11
14,0,1,1,1,1,1,1,1,1,1,1,2.5,0.11
15,0,1,1,1,1,1,1,1,1,1,1,2.5,0.11
16,0,1,1,1,1,1,1,1,1,1,1,2.5,0.11
17,0,1,1,1,1,1,1,1,1,1,1,2.5,0.11
18,0,1,1,1,1,1,1,1,1,1,1,2.5,0.11
19,2,1,1,1,1,1,1,1,1,1,1,2.5,0.11
20,0,1,1,1,1,1,1,1,1,1,1,2.5,0.11
21,0,1,1,1,1,1,1,1,1,1,1,2.5,0.11
22,0,1,1,1,1,1,1,1,1,1,1,2.5,0.11
23,1,1,1,1,1,1,1,1,1,1,1,2.5,0.11
24,1,1,1,1,1,1,1,1,1,1,1,2.5,0.11
25,1,1,1,1,1,1,1,1,1,1,1,2.5,0.11
26,4,1,1,1,1,1,1,1,1,1,1,2.5,0.11
27,1,1,1,1,1,1,1,1,1,1,1,2.5,0.11
28,0,1,1,1,1,1,1,1,1,1,1,2.5,0.11
29,2,1,1,1,1,1,1,1,1,1,1,2.5,0.11
30,1,1,1,1,1,1,1,1,1,1,1,2.5,0.11
31,2,1,1,1,1,1,1,1,1,1,1,2.5,0.11
32,0,1,1,1,1,1,1,1,1,1,1,2.5,0.11
33,0,1,1,1,1,1,1,1,1,1,1,2.5,0.11
34,0,1,1,1,1,1,1,1,1,1,1,2.5,0.11
35,0,1,1,1,1,1,1,1,1,1,1,2.5,0.11
36,0,1,1,1,1,1,1,1,1,1,1,2.5,0.11
37,4,1,1,1,1,1,1,1,1,1,1,2.5,0.11
38,0,1,1,1,1,1,1,1,1,1,1,2.5,0.11
39,0,1,1,1,1,1,1,1,1,1,1,2.5,0.11
40,0,1,1,1,1,1,1,1,1,1,1,2.5,0.11
41,0,1,1,1,1,1,1,1,1,1,1,2.5,0.11
42,0,1,1,1,1,1,1,1,1,1,1,2.5,0.11
43,1,1,1,1,1,1,1,1,1,1,1,2.5,0.11
44,0,1,1,1,1,1,1,1,1,1,1,2.5,0.11
45,0,1,1,1,1,1,1,1,1,1,1,2.5,0.11
46,0,1,1,1,1,1,1,1,1,1,1,2.5,0.11
47,1,0.92745,0.862084975,0.963967525,0.908622,0.9428405,0.482896,0.3977664,0.6059412,0.453032,0.513971,2.5,0.11
48,0,0.9150975,0.8381743,0.95871735,0.892679,0.933493,0.442229,0.3538606,0.5644036,0.411428,0.475119,2.5,0.11
49,0,0.901195,0.81167285,0.952962525,0.8746765,0.92296675,0.400291,0.3108885,0.5233024,0.368624,0.434414,2.5,0.11
50,0,0.885522,0.782162225,0.946401625,0.854565,0.9111485,0.357231,0.2718588,0.4812553,0.32482,0.392276,2.5,0.11
51,0,0.868033,0.74970785,0.9391515,0.83223925,0.897961,0.31354,0.2337599,0.4395721,0.282094,0.349167,2.5,0.11
52,0,0.848718,0.714990375,0.9313123,0.8075705,0.88343425,0.270746,0.1916526,0.3972445,0.241541,0.305794,2.5,0.11
53,0,0.8275025,0.6781789,0.922676525,0.78085275,0.86735325,0.229702,0.143889,0.3548238,0.201094,0.263256,2.5,0.11
54,0,0.804642,0.639794875,0.913467975,0.7519955,0.84984325,0.189429,0.093225,0.3128901,0.158923,0.222366,2.5,0.11
55,0,0.7800045,0.60020745,0.9035101,0.72133775,0.831019,0.148941,0.0487396,0.2724442,0.115737,0.182996,2.5,0.11
56,0,0.7536675,0.559758475,0.8926771,0.6892825,0.81093125,0.109259,0.01968104,0.2337294,0.0746457,0.144975,2.5,0.11
57,0,0.7263995,0.5189471,0.881184025,0.6556785,0.78976325,0.0728931,0.006694813,0.1977089,0.0413547,0.108915,2.5,0.11
58,0,0.697885,0.478517775,0.8690937,0.6210035,0.76749525,0.0434989,0.002018858,0.1644169,0.0196533,0.0766576,2.5,0.11
59,0,0.668363,0.438591925,0.8564676,0.586019,0.7444335,0.02331,0.0003056458,0.1340831,0.00837111,0.0500098,2.5,0.11
60,0,0.638204,0.39977475,0.84318885,0.5505575,0.720083,0.0114365,-0.0004827344,0.10705,0.00356289,0.0305131,2.5,0.11
61,0,0.607824,0.362210675,0.829517075,0.51498225,0.695539,0.00563963,-0.0009668035,0.08408327,0.00151128,0.0177824,2.5,0.11
62,0,0.5773325,0.32633405,0.81534015,0.48009775,0.6706615,0.00301849,-0.001311503,0.06480038,0.000595839,0.0101873,2.5,0.11
63,0,0.546684,0.292175825,0.80075505,0.4456525,0.645366,0.00170835,-0.001565576,0.04955785,0.000136656,0.00624872,2.5,0.11
64,0,0.516232,0.259501375,0.78575985,0.41209225,0.6199145,0.00106116,-0.001738921,0.0378780099999999,-0.000127403,0.0042275,2.5,0.11
65,0,0.4859675,0.229673175,0.77070925,0.379427,0.594495,0.000721291,-0.001866793,0.02944806,-0.000287355,0.00311586,2.5,0.11
66,0,0.4564775,0.201956675,0.7554874,0.34828875,0.569264,0.00052793,-0.001957696,0.0235343,-0.000394162,0.00247034,2.5,0.11
67,0,0.427952,0.1760171,0.74008705,0.3183705,0.544264,0.00042015,-0.002033166,0.01922011,-0.000464855,0.00207383,2.5,0.11
68,0,0.4002915,0.152363025,0.7242528,0.290008,0.5194805,0.000348833,-0.002100637,0.01629687,-0.000510546,0.00184049,2.5,0.11
69,0,0.3734505,0.131057275,0.708229025,0.2635365,0.49515925,0.000301298,-0.002142744,0.01412997,-0.000540641,0.00168465,2.5,0.11
70,0,0.3477085,0.111897475,0.69229625,0.23837175,0.47136625,0.000270144,-0.002199388,0.01283778,-0.000562462,0.00158508,2.5,0.11
71,0,0.3232925,0.09506988,0.675802275,0.2149775,0.448599,0.000247101,-0.002256224,0.0118023399999999,-0.00057795,0.00151751,2.5,0.11
72,0,0.3002985,0.08008559,0.65934255,0.1935625,0.42627825,0.000231697,-0.002305113,0.01121652,-0.000589183,0.00146377,2.5,0.11
73,0,0.278231,0.067088215,0.6431072,0.173479,0.40497125,0.000221597,-0.002364707,0.01068831,-0.000597225,0.0014286,2.5,0.11
74,0,0.2574765,0.0556053425,0.627151925,0.155224,0.38405625,0.000212017,-0.002421401,0.01028642,-0.000603656,0.00140768,2.5,0.11
75,0,0.238047,0.0458098025,0.6114751,0.1384055,0.3638405,0.000205399,-0.002453655,0.01009745,-0.00060971,0.00138961,2.5,0.11
76,0,0.219885,0.03725761,0.595694425,0.1233445,0.34479025,0.000201922,-0.002486997,0.00993328299999999,-0.000613356,0.00137413,2.5,0.11
77,0,0.203106,0.03020452,0.579907825,0.10946725,0.326458,0.000198442,-0.002521784,0.00977066499999999,-0.000616211,0.00136077,2.5,0.11
78,0,0.187551,0.0239181325,0.564084,0.097039425,0.308797,0.000195967,-0.002552146,0.009619979,-0.0006196,0.00134957,2.5,0.11
79,0,0.1729125,0.018643095,0.54819725,0.085831,0.29222675,0.000193471,-0.002584949,0.009543998,-0.000621004,0.00133927,2.5,0.11
80,0,0.15942,0.01430916,0.53308055,0.075752225,0.276185,0.000191617,-0.002607238,0.009488217,-0.000622603,0.00133413,2.5,0.11
81,0,0.1468185,0.0108839525,0.517892425,0.06703655,0.260972,0.000190367,-0.002632824,0.00942100399999999,-0.000624276,0.00132894,2.5,0.11
82,0,0.1353965,0.00784747275,0.50368365,0.059219625,0.24654675,0.000188208,-0.002650852,0.00936212899999998,-0.000625339,0.00132616,2.5,0.11
83,0,0.1248365,0.005304941,0.488923425,0.05226655,0.232763,0.000186607,-0.002674347,0.009337712,-0.000626627,0.001323,2.5,0.11
84,0,0.114992,0.00321096175,0.474517925,0.0461958,0.21993775,0.00018576,-0.002693651,0.009325317,-0.000627861,0.00132167,2.5,0.11
85,0,0.105824,0.00148695425,0.460323325,0.0407581,0.2076005,0.000185266,-0.002702674,0.00927672399999998,-0.000629,0.00131785,2.5,0.11
86,0,0.09743645,2.34518950000002e-05,0.4467634,0.03609915,0.196109,0.000184302,-0.002722255,0.00921871099999998,-0.00062958,0.00131554,2.5,0.11
87,0,0.08969875,-0.0012600145,0.433429625,0.0321011,0.18536775,0.000183746,-0.002724614,0.00918372399999998,-0.000630316,0.00131384,2.5,0.11
88,0,0.08272045,-0.0024292835,0.42047515,0.0285926,0.175016,0.000182618,-0.002733769,0.009175696,-0.000630634,0.00131294,2.5,0.11
89,0,0.0763351,-0.0036348155,0.4078057,0.025441925,0.16524125,0.000181722,-0.002743737,0.00914697199999999,-0.00063115,0.0013098,2.5,0.11
90,0,0.0704602,-0.004791389,0.3955208,0.02271615,0.15601175,0.000181149,-0.002755686,0.009128044,-0.000631574,0.001309,2.5,0.11
0,0,1,1,1,1,1,1,1,1,1,1,2.5,0.27
1,0,1,1,1,1,1,1,1,1,1,1,2.5,0.27
2,0,1,1,1,1,1,1,1,1,1,1,2.5,0.27
3,0,1,1,1,1,1,1,1,1,1,1,2.5,0.27
4,0,1,1,1,1,1,1,1,1,1,1,2.5,0.27
5,0,1,1,1,1,1,1,1,1,1,1,2.5,0.27
6,0,1,1,1,1,1,1,1,1,1,1,2.5,0.27
7,0,1,1,1,1,1,1,1,1,1,1,2.5,0.27
8,0,1,1,1,1,1,1,1,1,1,1,2.5,0.27
9,0,1,1,1,1,1,1,1,1,1,1,2.5,0.27
10,1,1,1,1,1,1,1,1,1,1,1,2.5,0.27
11,0,1,1,1,1,1,1,1,1,1,1,2.5,0.27
12,0,1,1,1,1,1,1,1,1,1,1,2.5,0.27
13,0,1,1,1,1,1,1,1,1,1,1,2.5,0.27
14,0,1,1,1,1,1,1,1,1,1,1,2.5,0.27
15,0,1,1,1,1,1,1,1,1,1,1,2.5,0.27
16,0,1,1,1,1,1,1,1,1,1,1,2.5,0.27
17,0,1,1,1,1,1,1,1,1,1,1,2.5,0.27
18,0,1,1,1,1,1,1,1,1,1,1,2.5,0.27
19,2,1,1,1,1,1,1,1,1,1,1,2.5,0.27
20,0,1,1,1,1,1,1,1,1,1,1,2.5,0.27
21,0,1,1,1,1,1,1,1,1,1,1,2.5,0.27
22,0,1,1,1,1,1,1,1,1,1,1,2.5,0.27
23,1,1,1,1,1,1,1,1,1,1,1,2.5,0.27
24,1,1,1,1,1,1,1,1,1,1,1,2.5,0.27
25,1,1,1,1,1,1,1,1,1,1,1,2.5,0.27
26,4,1,1,1,1,1,1,1,1,1,1,2.5,0.27
27,1,1,1,1,1,1,1,1,1,1,1,2.5,0.27
28,0,1,1,1,1,1,1,1,1,1,1,2.5,0.27
29,2,1,1,1,1,1,1,1,1,1,1,2.5,0.27
30,1,1,1,1,1,1,1,1,1,1,1,2.5,0.27
31,2,1,1,1,1,1,1,1,1,1,1,2.5,0.27
32,0,1,1,1,1,1,1,1,1,1,1,2.5,0.27
33,0,1,1,1,1,1,1,1,1,1,1,2.5,0.27
34,0,1,1,1,1,1,1,1,1,1,1,2.5,0.27
35,0,1,1,1,1,1,1,1,1,1,1,2.5,0.27
36,0,1,1,1,1,1,1,1,1,1,1,2.5,0.27
37,4,1,1,1,1,1,1,1,1,1,1,2.5,0.27
38,0,1,1,1,1,1,1,1,1,1,1,2.5,0.27
39,0,1,1,1,1,1,1,1,1,1,1,2.5,0.27
40,0,1,1,1,1,1,1,1,1,1,1,2.5,0.27
41,0,1,1,1,1,1,1,1,1,1,1,2.5,0.27
42,0,1,1,1,1,1,1,1,1,1,1,2.5,0.27
43,1,1,1,1,1,1,1,1,1,1,1,2.5,0.27
44,0,1,1,1,1,1,1,1,1,1,1,2.5,0.27
45,0,1,1,1,1,1,1,1,1,1,1,2.5,0.27
46,0,1,1,1,1,1,1,1,1,1,1,2.5,0.27
47,1,0.97977,0.94460925,0.993943,0.970605,0.98642225,0.665596,0.5709584,0.7696699,0.633929,0.697012,2.5,0.27
48,0,0.9733735,0.928258325,0.992182525,0.961422,0.98217025,0.618407,0.5169166,0.7308835,0.583935,0.652969,2.5,0.27
49,0,0.965399,0.908635125,0.9899541,0.95005125,0.97682025,0.56709,0.4641556,0.6879529,0.530138,0.604614,2.5,0.27
50,0,0.95558,0.88558575,0.987239525,0.93618375,0.9702195,0.512058,0.4113663,0.6415523,0.474056,0.552092,2.5,0.27
51,0,0.943624,0.85852085,0.983877525,0.91946,0.96213025,0.454621,0.3504154,0.5910951,0.417078,0.496035,2.5,0.27
52,0,0.929374,0.82704465,0.979776525,0.8997675,0.9524015,0.395752,0.277982,0.5376243,0.357008,0.437569,2.5,0.27
53,0,0.912467,0.7920142,0.97498,0.8769295,0.9408775,0.334372,0.1963437,0.4820146,0.291214,0.377884,2.5,0.27
54,0,0.8930245,0.7533997,0.9693242,0.85073125,0.9273655,0.269222,0.1160754,0.4249402,0.220546,0.316694,2.5,0.27
55,0,0.870799,0.711629325,0.9627941,0.821315,0.91175125,0.202639,0.05488985,0.3673003,0.150364,0.254461,2.5,0.27
56,0,0.8460725,0.6673947,0.95537745,0.78903725,0.89404325,0.13977,0.02060944,0.3115828,0.0894575,0.193432,2.5,0.27
57,0,0.818771,0.62132305,0.94679125,0.7541575,0.87430625,0.0867718,0.0067914,0.257865,0.0459157,0.13782,2.5,0.27
58,0,0.7891375,0.5743857,0.93723285,0.71696125,0.85281375,0.0484539,0.002026669,0.2085446,0.0206164,0.0912869,2.5,0.27
59,0,0.75783,0.526703025,0.926647,0.67782075,0.82952575,0.0246736,0.0003091011,0.1648568,0.00852639,0.0563067,2.5,0.27
60,0,0.724802,0.47912685,0.915226675,0.6374465,0.8045485,0.0117571,-0.0004804349,0.1273672,0.00359151,0.0328272,2.5,0.27
61,0,0.690392,0.433066275,0.902653625,0.5964315,0.77813375,0.00570882,-0.0009659385,0.0967550599999999,0.00151782,0.0185084,2.5,0.27
62,0,0.65504,0.3883818,0.88948155,0.55526525,0.75043675,0.00303506,-0.001309344,0.07243875,0.000597726,0.0103927,2.5,0.27
63,0,0.6194335,0.3455658,0.8753538,0.51377175,0.72199225,0.00171279,-0.001565191,0.0538266699999999,0.000137565,0.00631121,2.5,0.27
64,0,0.583958,0.305344875,0.860431075,0.47344,0.69299075,0.00106336,-0.001737798,0.04029012,-0.000127176,0.00425307,2.5,0.27
65,0,0.548432,0.267659675,0.8448332,0.4345125,0.6637005,0.000722116,-0.001865408,0.03069262,-0.000287304,0.00312586,2.5,0.27
66,0,0.513426,0.232705275,0.828695125,0.39659375,0.634137,0.000528453,-0.001955922,0.0241355999999999,-0.000394081,0.00247574,2.5,0.27
67,0,0.478992,0.201317375,0.8123556,0.36042575,0.60489625,0.000420766,-0.002032166,0.01970105,-0.000464751,0.00207546,2.5,0.27
68,0,0.4458525,0.172862475,0.7954378,0.32646625,0.575817,0.000349239,-0.00209923,0.01650505,-0.000510275,0.00184234,2.5,0.27
69,0,0.414174,0.14706915,0.778088425,0.2943485,0.54736725,0.000301498,-0.002142054,0.01425238,-0.000540192,0.00168582,2.5,0.27
70,0,0.383793,0.124127025,0.7601858,0.26454775,0.51925425,0.000270172,-0.002195712,0.01293645,-0.000562393,0.00158567,2.5,0.27
71,0,0.354887,0.104078275,0.742219125,0.237074,0.491961,0.000247166,-0.002255464,0.01187853,-0.0005779,0.00151839,2.5,0.27
72,0,0.3275485,0.0867891875,0.723835525,0.2116155,0.465869,0.000231705,-0.002303966,0.01127849,-0.000588987,0.00146422,2.5,0.27
73,0,0.301925,0.072012635,0.705135725,0.18850625,0.44072375,0.000221698,-0.002363128,0.01070541,-0.000597171,0.0014294,2.5,0.27
74,0,0.278094,0.0593281625,0.6866428,0.1672645,0.4165165,0.000212321,-0.002420269,0.01032319,-0.000603601,0.0014083,2.5,0.27
75,0,0.255691,0.0483351875,0.66848615,0.14838575,0.39331725,0.000205566,-0.002451587,0.01012402,-0.000609654,0.00138996,2.5,0.27
76,0,0.2349605,0.03905484,0.650738175,0.13123625,0.3709695,0.000202149,-0.002486076,0.009954083,-0.0006133,0.00137452,2.5,0.27
77,0,0.2157995,0.031450185,0.63275325,0.1159135,0.3500205,0.000198448,-0.002519117,0.00979448899999999,-0.000616154,0.00136104,2.5,0.27
78,0,0.198103,0.0248529975,0.61478585,0.10225625,0.329913,0.000195973,-0.002551167,0.00963427099999999,-0.000619498,0.00134991,2.5,0.27
79,0,0.181997,0.01930033,0.59659085,0.0898227,0.311025,0.000193476,-0.002579313,0.009557638,-0.000620946,0.00133954,2.5,0.27
80,0,0.1671445,0.0147084025,0.578889825,0.078949925,0.29301275,0.000191623,-0.002604755,0.009501697,-0.000622515,0.00133439,2.5,0.27
81,0,0.1532435,0.011177535,0.561255525,0.06952175,0.276057,0.000190408,-0.002631784,0.00943430499999999,-0.000624126,0.00132921,2.5,0.27
82,0,0.140786,0.00810267925,0.544782675,0.061108375,0.2598115,0.000188213,-0.002649801,0.009387171,-0.00062528,0.00132642,2.5,0.27
83,0,0.1294495,0.00545310725,0.528228975,0.053729275,0.2446705,0.000186612,-0.002673277,0.009350762,-0.000626555,0.00132326,2.5,0.27
84,0,0.1189585,0.00333730725,0.5114778,0.047317775,0.23033,0.000185765,-0.002692571,0.009338327,-0.000627802,0.00132193,2.5,0.27
85,0,0.109204,0.00157928825,0.495551875,0.041662825,0.2169625,0.000185271,-0.002701583,0.00929048499999997,-0.000628941,0.00131892,2.5,0.27
86,0,0.1002135,0.000108593000000001,0.479599475,0.036786625,0.20434825,0.000184307,-0.002721145,0.00924705499999999,-0.000629521,0.0013158,2.5,0.27
87,0,0.0920243,-0.0012194,0.46456895,0.032630675,0.192729,0.000183751,-0.002723504,0.00919634799999998,-0.000630257,0.0013141,2.5,0.27
88,0,0.084604,-0.00237648225,0.44973675,0.0289809,0.18151025,0.000182623,-0.002732649,0.009188296,-0.000630574,0.0013132,2.5,0.27
89,0,0.0779785,-0.003577326,0.435726525,0.025736725,0.1710065,0.000181727,-0.002742616,0.00915949499999998,-0.000631091,0.00131006,2.5,0.27
90,0,0.0718275,-0.00474860125,0.42157305,0.0229746,0.16119625,0.000181154,-0.002754546,0.00914063299999999,-0.000631505,0.00130926,2.5,0.27
0,0,1,1,1,1,1,1,1,1,1,1,2.5,19.2
1,0,1,1,1,1,1,1,1,1,1,1,2.5,19.2
2,0,1,1,1,1,1,1,1,1,1,1,2.5,19.2
3,0,1,1,1,1,1,1,1,1,1,1,2.5,19.2
4,0,1,1,1,1,1,1,1,1,1,1,2.5,19.2
5,0,1,1,1,1,1,1,1,1,1,1,2.5,19.2
6,0,1,1,1,1,1,1,1,1,1,1,2.5,19.2
7,0,1,1,1,1,1,1,1,1,1,1,2.5,19.2
8,0,1,1,1,1,1,1,1,1,1,1,2.5,19.2
9,0,1,1,1,1,1,1,1,1,1,1,2.5,19.2
10,1,1,1,1,1,1,1,1,1,1,1,2.5,19.2
11,0,1,1,1,1,1,1,1,1,1,1,2.5,19.2
12,0,1,1,1,1,1,1,1,1,1,1,2.5,19.2
13,0,1,1,1,1,1,1,1,1,1,1,2.5,19.2
14,0,1,1,1,1,1,1,1,1,1,1,2.5,19.2
15,0,1,1,1,1,1,1,1,1,1,1,2.5,19.2
16,0,1,1,1,1,1,1,1,1,1,1,2.5,19.2
17,0,1,1,1,1,1,1,1,1,1,1,2.5,19.2
18,0,1,1,1,1,1,1,1,1,1,1,2.5,19.2
19,2,1,1,1,1,1,1,1,1,1,1,2.5,19.2
20,0,1,1,1,1,1,1,1,1,1,1,2.5,19.2
21,0,1,1,1,1,1,1,1,1,1,1,2.5,19.2
22,0,1,1,1,1,1,1,1,1,1,1,2.5,19.2
23,1,1,1,1,1,1,1,1,1,1,1,2.5,19.2
24,1,1,1,1,1,1,1,1,1,1,1,2.5,19.2
25,1,1,1,1,1,1,1,1,1,1,1,2.5,19.2
26,4,1,1,1,1,1,1,1,1,1,1,2.5,19.2
27,1,1,1,1,1,1,1,1,1,1,1,2.5,19.2
28,0,1,1,1,1,1,1,1,1,1,1,2.5,19.2
29,2,1,1,1,1,1,1,1,1,1,1,2.5,19.2
30,1,1,1,1,1,1,1,1,1,1,1,2.5,19.2
31,2,1,1,1,1,1,1,1,1,1,1,2.5,19.2
32,0,1,1,1,1,1,1,1,1,1,1,2.5,19.2
33,0,1,1,1,1,1,1,1,1,1,1,2.5,19.2
34,0,1,1,1,1,1,1,1,1,1,1,2.5,19.2
35,0,1,1,1,1,1,1,1,1,1,1,2.5,19.2
36,0,1,1,1,1,1,1,1,1,1,1,2.5,19.2
37,4,1,1,1,1,1,1,1,1,1,1,2.5,19.2
38,0,1,1,1,1,1,1,1,1,1,1,2.5,19.2
39,0,1,1,1,1,1,1,1,1,1,1,2.5,19.2
40,0,1,1,1,1,1,1,1,1,1,1,2.5,19.2
41,0,1,1,1,1,1,1,1,1,1,1,2.5,19.2
42,0,1,1,1,1,1,1,1,1,1,1,2.5,19.2
43,1,1,1,1,1,1,1,1,1,1,1,2.5,19.2
44,0,1,1,1,1,1,1,1,1,1,1,2.5,19.2
45,0,1,1,1,1,1,1,1,1,1,1,2.5,19.2
46,0,1,1,1,1,1,1,1,1,1,1,2.5,19.2
47,1,0.99974,0.998092,0.999984,0.999437,0.999889,0.960007,0.9260549,0.9820012,0.94963,0.968753,2.5,19.2
48,0,0.999451,0.996387425,0.999963,0.998857,0.999759,0.939228,0.8944288,0.970864,0.92521,0.951443,2.5,19.2
49,0,0.998886,0.993345375,0.999918,0.997771,0.999496,0.908913,0.8417366,0.9538041,0.889345,0.925911,2.5,19.2
50,0,0.9978255,0.98808795,0.999828,0.995785,0.99899,0.863152,0.7541653,0.9279611,0.833356,0.888031,2.5,19.2
51,0,0.995909,0.979391425,0.999655,0.99229375,0.998049,0.793691,0.6232573,0.889983,0.747235,0.831681,2.5,19.2
52,0,0.992619,0.965577475,0.999331,0.98646875,0.99638,0.694485,0.4559395,0.8352511,0.62669,0.750032,2.5,19.2
53,0,0.9872455,0.9451307,0.998759525,0.97726475,0.99356,0.567221,0.2815184,0.7609169,0.478988,0.642514,2.5,19.2
54,0,0.9789635,0.916620025,0.997799575,0.963588,0.989093,0.425345,0.1435328,0.6682854,0.327651,0.516008,2.5,19.2
55,0,0.9669475,0.879812275,0.996262,0.94443275,0.98234825,0.289928,0.06037349,0.563446,0.19769,0.386491,2.5,19.2
56,0,0.950501,0.83423835,0.993954,0.919134,0.9728265,0.179769,0.0213367,0.457297,0.105308,0.268991,2.5,19.2
57,0,0.929174,0.781849975,0.990637525,0.88743775,0.959999,0.101351,0.00685351,0.359095,0.0497994,0.174883,2.5,19.2
58,0,0.9027635,0.723380925,0.986132,0.84982775,0.9436495,0.0527631,0.002032182,0.2752477,0.0213652,0.107043,2.5,19.2
59,0,0.8715475,0.661374475,0.98036425,0.8069365,0.923584,0.0257537,0.0003134016,0.2048141,0.00865114,0.0619964,2.5,19.2
60,0,0.8363475,0.59785585,0.97314025,0.7598075,0.89990575,0.0119901,-0.000478552,0.1513067,0.00361109,0.0347003,2.5,19.2
61,0,0.797523,0.535120225,0.964260275,0.7099555,0.8728955,0.0057536,-0.0009651079,0.1098828,0.00152283,0.019061,2.5,19.2
62,0,0.755656,0.474176175,0.9535201,0.65801925,0.84327325,0.00304567,-0.001308469,0.0795722,0.00059926,0.0105462,2.5,19.2
63,0,0.712402,0.41588975,0.9415752,0.60564275,0.811262,0.00171555,-0.001564942,0.0572011,0.000138381,0.00635437,2.5,19.2
64,0,0.6685515,0.3622156,0.92800675,0.553817,0.777633,0.00106428,-0.001737497,0.04224112,-0.000126924,0.00427049,2.5,19.2
65,0,0.62415,0.313300375,0.913246825,0.50409125,0.74264925,0.000722985,-0.001865031,0.03171595,-0.000287147,0.00313169,2.5,19.2
66,0,0.5805395,0.2680671,0.897068575,0.45542025,0.70727225,0.000528896,-0.001955532,0.02453853,-0.000393689,0.00247977,2.5,19.2
67,0,0.5384905,0.2286543,0.879765075,0.410004,0.67172025,0.000421054,-0.002031638,0.02001646,-0.000464704,0.00207774,2.5,19.2
68,0,0.4976135,0.193399275,0.8618632,0.3675795,0.6368185,0.000349267,-0.00209878,0.01666125,-0.000510204,0.00184419,2.5,19.2
69,0,0.458449,0.162304725,0.8433243,0.32827875,0.602281,0.000301673,-0.002141594,0.01433244,-0.000540162,0.00168702,2.5,19.2
70,0,0.4217755,0.13555825,0.824235825,0.2919335,0.56879225,0.000270304,-0.00219437,0.01298694,-0.000562319,0.00158644,2.5,19.2
71,0,0.3872575,0.112334125,0.80455905,0.2591595,0.53628925,0.000247186,-0.002254931,0.01192068,-0.000577594,0.00151863,2.5,19.2
72,0,0.355099,0.092668785,0.784132575,0.229568,0.50494275,0.00023171,-0.002303426,0.01130737,-0.000588938,0.00146449,2.5,19.2
73,0,0.3251055,0.0759993125,0.763349325,0.20255,0.47532125,0.000221714,-0.002360295,0.01071981,-0.000597134,0.00142961,2.5,19.2
74,0,0.297423,0.0621577575,0.7420407,0.17846575,0.44691875,0.000212326,-0.002419434,0.01036905,-0.000603564,0.00140876,2.5,19.2
75,0,0.271844,0.05032411,0.72131005,0.15710375,0.4203885,0.00020557,-0.002449366,0.01013442,-0.00060953,0.00139023,2.5,19.2
76,0,0.248456,0.040571575,0.700846225,0.1380855,0.395016,0.000202153,-0.002483682,0.009964143,-0.000613261,0.00137471,2.5,19.2
77,0,0.2270955,0.0323542,0.680486475,0.12139025,0.37102825,0.000198452,-0.002518468,0.009808491,-0.000616115,0.00136141,2.5,19.2
78,0,0.2073385,0.0255960125,0.660294,0.10636175,0.3483945,0.000195977,-0.002550507,0.00964369299999999,-0.000619341,0.00135035,2.5,19.2
79,0,0.1896315,0.0197934125,0.64028885,0.092960225,0.3270325,0.00019348,-0.002577315,0.009566908,-0.000620907,0.0013403,2.5,19.2
80,0,0.1735145,0.01502756,0.619566475,0.0814135,0.30720525,0.000191627,-0.002604065,0.009510857,-0.000622058,0.00133457,2.5,19.2
81,0,0.1586375,0.0114431025,0.5994634,0.071357425,0.288451,0.000190436,-0.002631084,0.00944334599999999,-0.000624052,0.00132939,2.5,19.2
82,0,0.14506,0.008276316,0.580437525,0.062552175,0.270859,0.000188389,-0.002649091,0.009396482,-0.00062524,0.0013266,2.5,19.2
83,0,0.133009,0.005578516,0.562003475,0.0548357,0.254311,0.000186616,-0.002671475,0.009359633,-0.000626515,0.00132344,2.5,19.2
84,0,0.122014,0.00343531675,0.54372005,0.0481719,0.23878425,0.000185768,-0.002690114,0.009347178,-0.000627762,0.00132211,2.5,19.2
85,0,0.111665,0.00163268875,0.525502825,0.042336075,0.22435725,0.000185275,-0.002700843,0.00929924899999997,-0.000628901,0.0013191,2.5,19.2
86,0,0.102339,0.0001551956,0.507646,0.037278775,0.210861,0.000184311,-0.002720395,0.00925617999999998,-0.000629445,0.00131619,2.5,19.2
87,0,0.0938419,-0.00116579825,0.490805975,0.0329944,0.198421,0.000183755,-0.002722754,0.00920493899999998,-0.000630216,0.00131427,2.5,19.2
88,0,0.0860206,-0.002360671,0.47421205,0.029237975,0.18651275,0.000182626,-0.002731884,0.009196867,-0.000630534,0.00131337,2.5,19.2
89,0,0.0791367,-0.0035318785,0.458667825,0.02597045,0.17544275,0.000181731,-0.002741847,0.00916801599999999,-0.00063105,0.00131024,2.5,19.2
90,0,0.07278975,-0.0047028175,0.442928675,0.02316825,0.165025,0.000181157,-0.002753776,0.00914911399999999,-0.000631465,0.00130943,2.5,19.2
